게임이름,게임순위,총 평가,긍정적인 평가 비율,출시일,앞서 해보기 출시 일자,app_id
Dota 2,1,2496885,81,"9 Jul, 2013",,570
Black Myth: Wukong,2,834272,96,"20 Aug, 2024",,2358720
Baldur's Gate 3,3,669069,96,"4 Aug, 2023","7 Oct, 2020",1086940
Stardew Valley,4,754862,98,"27 Feb, 2016",,413150
The Witcher 3: Wild Hunt,5,761434,96,"18 May, 2015",,292030
ELDEN RING,6,764551,92,"25 Feb, 2022",,1245620
Cyberpunk 2077,7,747377,85,"10 Dec, 2020",,1091500
Warframe,8,618954,87,"26 Mar, 2013",,230410
Divinity: Original Sin 2 - Definitive Edition,9,165997,95,"14 Sep, 2017",,435150
Vampire Survivors,10,237342,98,"21 Oct, 2022","17 Dec, 2021",1794680
Monster Hunter: World,11,296928,89,"9 Aug, 2018",,582010
Hades,12,258223,98,"17 Sep, 2020","11 Dec, 2019",1145360
Clair Obscur: Expedition 33,13,69286,95,"24 Apr, 2025",,1903340
Undertale,14,242334,96,"15 Sep, 2015",,391540
Persona 5 Royal,15,68280,96,"21 Oct, 2022",,1687950
Project Zomboid,16,284939,94,"8 Nov, 2013",,108600
Persona 3 Reload,17,28726,95,"2 Feb, 2024",,2161700
Slay the Spire,18,157329,97,"24 Jan, 2019",,646570
DARK SOULS™ III,19,262139,94,"12 Apr, 2016",,374320
OMORI,20,72070,97,"25 Dec, 2020",,1150690
Persona 4 Golden,21,65269,97,"14 Jun, 2020",,1113000
Hogwarts Legacy,22,231742,90,"11 Feb, 2023",,990080
God of War,23,110698,96,"15 Jan, 2022",,1593500
Metaphor: ReFantazio,24,19616,91,"11 Oct, 2024",,2679460
DAVE THE DIVER,25,116419,97,"28 Jun, 2023","27 Oct, 2022",1868140
The Elder Scrolls® Online,26,127547,82,"4 Apr, 2014",,306130
Fallout: New Vegas,27,182626,96,"22 Oct, 2010",,22380
Symphony of War: The Nephilim Saga,28,11385,94,"11 Jun, 2022",,1488200
Fallout 4,29,261516,83,"10 Nov, 2015",,377160
ASTLIBRA Revision,30,25740,95,"13 Oct, 2022",,1718570
The Elder Scrolls V: Skyrim Special Edition,31,188887,94,"28 Oct, 2016",,489830
Mount & Blade II: Bannerlord,32,204789,87,"25 Oct, 2022","30 Mar, 2020",261550
Caves of Qud,33,9702,95,"6 Dec, 2024","15 Jul, 2015",333640
FINAL FANTASY VII REMAKE INTERGRADE,34,31358,88,"17 Jun, 2022",,1462040
TROUBLESHOOTER: Abandoned Children,35,8807,94,"23 Apr, 2020",,470310
Disco Elysium - The Final Cut,36,101354,93,"16 Oct, 2019",,632470
Assassin's Creed® Odyssey,37,156204,89,"6 Oct, 2018",,812140
Touhou Mystia's Izakaya,38,24374,98,"1 Oct, 2021","16 Jun, 2021",1584090
Our Adventurer Guild,39,1739,96,"13 Apr, 2024","31 May, 2023",2026000
STAR WARS™: The Old Republic™,40,67615,89,"20 Dec, 2011",,1286830
Volcano Princess,41,38779,97,"21 Apr, 2023",,1669980
Dark Deity 2,42,963,94,"24 Mar, 2025",,2446600
Darkest Dungeon®,43,129394,91,"19 Jan, 2016",,262060
Grim Dawn,44,83711,93,"26 Feb, 2016",,219990
Assassin's Creed® Origins,45,104586,85,"27 Oct, 2017",,582160
LISA: The Painful,46,12738,95,"15 Dec, 2014",,335670
荣耀斗罗,47,209,93,"19 Nov, 2021",,1786760
Super Robot Wars 30,48,5277,86,"28 Oct, 2021",,898750
Drova - Forsaken Kin,49,6666,95,"15 Oct, 2024",,1585180
Borderlands 2,50,197184,94,"20 Sep, 2012",,49520
NieR:Automata™,51,103894,88,"18 Mar, 2017",,524220
Gumballs & Dungeons,52,987,95,"5 Mar, 2025",,3112010
Mount & Blade: Warband,53,130797,97,"31 Mar, 2010",,48700
Shattered Pixel Dungeon,54,1520,95,"24 Mar, 2022",,1769170
Wartales,55,26624,89,"12 Apr, 2023","2 Dec, 2021",1527950
DARK SOULS™: REMASTERED,56,83294,91,"24 May, 2018",,570940
Legend of Heroes: Three Kingdoms,57,4430,89,"26 Mar, 2025","26 Mar, 2025",3020510
Those Who Rule,58,504,90,"27 Jan, 2025",,1822060
SUPER ROBOT WARS X,59,1772,88,"10 Jan, 2020",,1031510
Hades II,60,59913,94,"7 May, 2024","7 May, 2024",1145350
"Warhammer 40,000: Rogue Trader",61,21518,84,"8 Dec, 2023",,2186680
One Way Heroics,62,3422,94,"1 Mar, 2014",,266210
Realm of the Mad God Exalt,63,46592,83,"21 Feb, 2012",,200210
Limbus Company,64,62197,83,"27 Feb, 2023",,1973530
Enshrouded,65,69548,86,"24 Jan, 2024","24 Jan, 2024",1203620
Guild Saga: Vanished Worlds,66,211,85,"11 Oct, 2024","11 Oct, 2024",2184350
King Arthur: Knight's Tale,67,6082,83,"27 Apr, 2022","26 Jan, 2021",1157390
MONSTER HUNTER RISE,68,70796,83,"13 Jan, 2022",,1446780
Kingdom Come: Deliverance,69,123495,83,"13 Feb, 2018",,379430
The Elder Scrolls IV: Oblivion® Game of the Year Edition (2009),70,40796,95,"11 Sep, 2007",,22330
DRAGON QUEST® XI S: Echoes of an Elusive Age™ - Definitive Edition,71,8647,93,"5 Dec, 2020",,1295510
Halls of Torment,72,27972,95,"24 Sep, 2024","24 May, 2023",2218750
To the Moon,73,63528,96,"1 Nov, 2011",,206440
Kingdom Come: Deliverance II,74,75689,93,"5 Feb, 2025",,1771300
Warhammer: Vermintide 2,75,85267,84,"8 Mar, 2018",,552500
Trove,76,92371,80,"9 Jul, 2015",,304050
Gunfire Reborn,77,84900,93,"18 Nov, 2021","5 May, 2020",1217060
CODE VEIN,78,42505,84,"27 Sep, 2019",,678960
The Hungry Lamb: Traveling in the Late Ming Dynasty,79,43716,96,"23 Apr, 2024",,2593370
Feign,80,4172,91,"23 Oct, 2021","23 Oct, 2021",1436990
Crusader Kings III,81,80204,91,"2 Sep, 2020",,1158310
Dawnsbury Days,82,553,98,"9 Mar, 2024",,2693730
Caves of Lore,83,336,94,"21 Jan, 2023",,2227130
ENDER MAGNOLIA: Bloom in the Mist,84,12453,95,"22 Jan, 2025","25 Mar, 2024",2725260
Wildermyth,85,15673,95,"16 Jun, 2021","14 Nov, 2019",763890
Borderlands 3,86,115880,84,"13 Mar, 2020",,397540
Elin,87,5928,93,"1 Nov, 2024","1 Nov, 2024",2135150
TRIANGLE STRATEGY,88,2555,80,"14 Oct, 2022",,1850510
Middle-earth™: Shadow of War™,89,80403,88,"10 Oct, 2017",,356190
FANTASY LIFE i: The Girl Who Steals Time,90,4967,92,"21 May, 2025",,2993780
Mass Effect™ Legendary Edition,91,51825,91,"15 May, 2021",,1328670
Cyber Knights: Flashpoint,92,862,95,"17 Oct, 2023","17 Oct, 2023",1021210
Suikoden I&II HD Remaster Gate Rune and Dunan Unification Wars,93,1368,95,"6 Mar, 2025",,1932640
Granblue Fantasy: Relink,94,35547,89,"1 Feb, 2024",,881020
Sea of Stars,95,9908,88,"29 Aug, 2023",,1244090
Bastion,96,27548,95,"17 Aug, 2011",,107100
Yakuza 0,97,58476,95,"1 Aug, 2018",,638970
Age of Wonders 4,98,13372,82,"3 May, 2023",,1669000
For The King,99,29365,87,"20 Apr, 2018",,527230
DREDGE,100,36877,95,"31 Mar, 2023",,1562430
Kenshi,101,82366,95,"7 Dec, 2018",,233860
Disgaea 4 Complete+,102,691,89,"11 Sep, 2020",,1233880
Marvel's Midnight Suns,103,15068,82,"2 Dec, 2022",,368260
Mondealy: Day One,104,665,95,"14 Sep, 2021",,1591570
Tactical Breach Wizards,105,9015,98,"23 Aug, 2024",,1043810
Guild Wars 2,106,21457,88,"24 Aug, 2022",,1284210
Disgaea 2 PC,107,1397,91,"31 Jan, 2017",,495280
Geneforge 2 - Infestation,108,108,98,"27 Mar, 2024",,2480560
The Elder Scrolls IV: Oblivion Remastered,109,44163,81,"23 Apr, 2025",,2623190
Like a Dragon: Infinite Wealth,110,13341,91,"26 Jan, 2024",,2072450
Lies of P,111,38379,91,"18 Sep, 2023",,1627720
Stolen Realm,112,2831,85,"8 Mar, 2024","15 Oct, 2021",1330000
Pillars of Eternity,113,15888,87,"27 Mar, 2015",,291650
Living With Sister: Monochrome Fantasy,114,9983,96,"23 Mar, 2024",,2429860
DRAGON BALL Z: KAKAROT,115,41169,93,"17 Jan, 2020",,851850
DRAGON BALL XENOVERSE 2,116,39757,90,"28 Oct, 2016",,454650
OCTOPATH TRAVELER II,117,10785,94,"25 Feb, 2023",,1971650
Disgaea 5 Complete,118,2922,88,"23 Oct, 2018",,803600
Pathfinder: Wrath of the Righteous - Enhanced Edition,119,29660,83,"3 Sep, 2021",,1184370
Supreme Kung Fu,120,544,95,"11 Nov, 2024","11 Nov, 2024",2994910
Dungeon Dreams 2,121,169,91,"9 Feb, 2024","18 Sep, 2023",1843470
Shiren the Wanderer: The Mystery Dungeon of Serpentcoil Island,122,242,89,"12 Dec, 2024",,2178480
SD GUNDAM G GENERATION CROSS RAYS,123,6679,83,"28 Nov, 2019",,728530
Tales of Graces f Remastered,124,498,88,"17 Jan, 2025",,2530980
梦魇：无归 Nightmare without return,125,594,95,"30 Sep, 2022",,2113540
South Park™: The Stick of Truth™,126,55884,97,"6 Mar, 2014",,213670
Solasta: Crown of the Magister,127,17893,87,"27 May, 2021","20 Oct, 2020",1096530
Worldless,128,1065,95,"20 Nov, 2023",,1898500
The Nameless: Slay Dragon,129,1466,91,"26 Sep, 2024",,2410170
S.T.A.L.K.E.R. 2: Heart of Chornobyl,130,85941,81,"21 Nov, 2024",,1643320
Winter Memories,131,8890,97,"6 Jan, 2024",,2495450
Wasteland 3,132,16195,84,"28 Aug, 2020",,719040
Streets of Rogue,133,16345,96,"13 Jul, 2019",,512900
LiEat,134,3835,96,"26 Feb, 2016",,373770
LIZARDS MUST DIE,135,23033,96,"27 Sep, 2023",,2532550
XCOM® 2,136,73698,85,"5 Feb, 2016",,268500
Monster Train,137,18982,96,"22 May, 2020",,1102190
狂神无双,138,201,92,"11 Nov, 2021",,1758450
Dwerve: Prologue,139,625,91,"3 Sep, 2021",,1710920
Time Break Chronicles,140,240,90,"1 Sep, 2020","1 Sep, 2020",1393500
Blazing Aries,141,305,88,"12 Mar, 2022",,1658930
Dishonored,142,62351,97,"10 Oct, 2012",,205100
Yakuza: Like a Dragon,143,24888,94,"11 Nov, 2020",,1235140
The Last Spell,144,11076,91,"10 Mar, 2023","3 Jun, 2021",1105670
Magical Girl Celesphonia,145,2716,96,"7 May, 2022",,1786790
Baldur's Gate II: Enhanced Edition,146,8747,92,"16 Nov, 2013",,257350
Romancing SaGa 2: Revenge of the Seven,147,3112,94,"25 Oct, 2024",,2455640
Gujian3(古剑奇谭三),148,39998,85,"15 Dec, 2018",,994280
觅长生,149,24322,93,"26 Nov, 2019","26 Nov, 2019",1189490
Disgaea 7: Vows of the Virtueless,150,796,81,"4 Oct, 2023",,2250600
Epic Battle Fantasy 5,151,5153,98,"1 Dec, 2018",,432350
Cassette Beasts,152,7632,95,"27 Apr, 2023",,1321440
Valkyria Chronicles™,153,10456,90,"11 Nov, 2014",,294860
Touhou Hero of Ice Fairy,154,5952,97,"3 Apr, 2024","25 Feb, 2023",1955830
DYNASTY WARRIORS: ORIGINS,155,13913,92,"17 Jan, 2025",,2384580
AI LIMIT,156,13789,93,"27 Mar, 2025",,2407270
Like a Dragon: Pirate Yakuza in Hawaii,157,4325,91,"21 Feb, 2025",,3061810
Punch Club 2: Fast Forward,158,3113,82,"21 Jul, 2023",,1161590
Fields of Mistria,159,18131,97,"6 Aug, 2024","6 Aug, 2024",2142790
Crypt of the NecroDancer,160,22287,95,"24 Apr, 2015",,247080
Yakuza Kiwami 2,161,12869,95,"9 May, 2019",,927380
Persona® 5 Strikers,162,11921,89,"23 Feb, 2021",,1382330
Eastward,163,13820,83,"16 Sep, 2021",,977880
STAR WARS Jedi: Fallen Order™,164,137371,88,"15 Nov, 2019",,1172380
Rogue Fable IV,165,174,93,"26 Jan, 2024","26 Jan, 2024",2720010
Expeditions: Rome,166,4388,87,"21 Jan, 2022",,987840
The World is Your Weapon,167,610,97,"28 Jun, 2019",,1056490
Nioh 2 – The Complete Edition,168,30685,88,"5 Feb, 2021",,1325200
Kingdom Under Fire: The Crusaders,169,989,92,"28 Feb, 2020",,1121420
Potion Craft: Alchemist Simulator,170,31573,92,"14 Dec, 2022","22 Sep, 2021",1210320
The First Berserker: Khazan,171,11554,89,"28 Mar, 2025",,2680010
Saihate Station,172,2220,95,"7 Mar, 2025",,3079280
Wandering Sword,173,26437,94,"15 Sep, 2023",,1876890
Colony Ship: A Post-Earth Role Playing Game,174,3100,87,"9 Nov, 2023","6 Apr, 2021",648410
Monochrome Mobius: Rights and Wrongs Forgotten,175,654,80,"17 Nov, 2022",,1962430
Back to the Dawn,176,4415,92,"3 Nov, 2023","3 Nov, 2023",1735700
Eternal Senia,177,11946,97,"18 Jun, 2015",,351640
Summer Memories,178,20767,92,"15 Jun, 2020",,1227890
Moonring,179,2092,96,"29 Sep, 2023",,2373630
Horizon Zero Dawn™ Complete Edition,180,93568,87,"7 Aug, 2020",,1151640
CrossCode,181,14875,92,"21 Sep, 2018",,368340
NARUTO TO BORUTO: SHINOBI STRIKER,182,42096,84,"31 Aug, 2018",,633230
REMNANT II®,183,40782,83,"26 Jul, 2023",,1282100
RPG Maker MZ,184,1554,85,"28 Aug, 2020",,1096900
Recettear: An Item Shop's Tale,185,6413,96,"11 Sep, 2010",,70400
Hylics 2,186,2617,97,"22 Jun, 2020",,1286710
Shadow Gambit: The Cursed Crew,187,3901,92,"18 Aug, 2023",,1545560
Disgaea PC,188,4101,87,"25 Feb, 2016",,405900
The Elder Scrolls III: Morrowind® Game of the Year Edition,189,20405,95,"29 Apr, 2002",,22320
Just a To the Moon Series Beach Episode,190,2763,98,"21 Sep, 2024",,2159210
Castlevania Dominus Collection,191,1852,95,"28 Aug, 2024",,2369900
Golden Krone Hotel,192,289,95,"27 Oct, 2017",,497800
Magicraft,193,12103,91,"2 Nov, 2024","2 Nov, 2023",2103140
Crusader Kings II,194,72062,90,"15 Feb, 2012",,203770
Planescape: Torment: Enhanced Edition,195,4205,94,"11 Apr, 2017",,466300
Divinity: Original Sin - Enhanced Edition,196,23879,89,"27 Oct, 2015",,373420
FINAL FANTASY XV WINDOWS EDITION,197,41419,83,"7 Mar, 2018",,637650
Fallout: A Post Nuclear Role Playing Game,198,14389,95,"30 Sep, 1997",,38400
Pathologic 2,199,8512,92,"23 May, 2019",,505230
Chinese Online Game,200,6104,83,"19 Jul, 2024",,1416920
LunarLux,201,239,95,"26 Sep, 2023",,1932680
Fuga: Melodies of Steel 2,202,296,97,"11 May, 2023",,2001340
DRAGON QUEST BUILDERS™ 2,203,6147,92,"11 Dec, 2019",,1072420
Maneater,204,13363,89,"25 May, 2021",,629820
沉睡的法则 Things as They Are,205,1018,97,"18 Jun, 2019",,965820
Look Outside,206,2277,99,"21 Mar, 2025",,3373660
Ruined King: A League of Legends Story™,207,10164,88,"17 Nov, 2021",,1276790
ATLYSS,208,13911,97,"23 Nov, 2024","23 Nov, 2024",2768430
Vampires Dawn 3 - The Crimson Realm,209,297,82,"20 May, 2021",,1361010
Graveyard Keeper,210,34903,86,"16 Aug, 2018",,599140
FINAL FANTASY VII,211,24165,92,"4 Jul, 2013",,39140
Remnant: From the Ashes,212,43492,85,"20 Aug, 2019",,617290
Horizon Forbidden West™ Complete Edition,213,15091,89,"21 Mar, 2024",,2420110
Path of Achra,214,2494,98,"7 May, 2024","1 May, 2023",2128270
重生之我是小虾米,215,1674,95,"13 Aug, 2024",,3101720
Temtem,216,31032,82,"7 Sep, 2022","22 Jan, 2020",745920
CRISIS CORE –FINAL FANTASY VII– REUNION,217,5645,89,"14 Dec, 2022",,1608070
God of War Ragnarök,218,20016,87,"20 Sep, 2024",,2322010
Shakes and Fidget,219,36576,92,"24 Feb, 2016",,438040
Soulstone Survivors,220,20969,91,"7 Nov, 2022","7 Nov, 2022",2066020
Bahamut2-dragon's bride,221,551,98,"1 Oct, 2021",,1673190
Fuga: Melodies of Steel,222,1040,93,"29 Jul, 2021",,1357860
Small Saga,223,1592,95,"16 Nov, 2023",,1320140
Dragon Age: Origins - Ultimate Edition,224,25861,86,"27 Oct, 2010",,47810
The Legend of Heroes: Trails into Reverie,225,877,95,"8 Jul, 2023",,1668540
Transistor,226,27349,93,"21 May, 2014",,237930
Finding Paradise,227,16629,97,"14 Dec, 2017",,337340
The Test,228,19396,96,"25 Feb, 2020",,1241510
Suzerain,229,8260,93,"5 Dec, 2020",,1207650
Quest for the Golden Candelabra,230,308,98,"12 May, 2023",,2381160
Baldur's Gate: Enhanced Edition,231,14032,92,"17 Jan, 2013",,228280
Valkyria Chronicles 4 Complete Edition,232,5316,87,"25 Sep, 2018",,790820
Spiral Knights,233,23642,84,"15 Jun, 2011",,99900
Tales of Arise,234,26142,87,"10 Sep, 2021",,740130
Touhou Artificial Dream in Arcadia,235,985,96,"23 Sep, 2023",,2248430
SpellForce: Conquest of Eo,236,1862,81,"3 Feb, 2023",,1581770
Town of Salem,237,30999,88,"15 Dec, 2014",,334230
Tainted Grail: The Fall of Avalon,238,7869,87,"24 May, 2025","31 Mar, 2023",1466060
VPet-Simulator,239,46252,98,"14 Aug, 2023",,1920960
From Frontier,240,318,97,"25 Jul, 2020",,1348180
Yu-Gi-Oh! Duel Links,241,43603,83,"17 Nov, 2017",,601510
SteamWorld Heist II,242,1660,95,"8 Aug, 2024",,2396240
State of Decay 2: Juggernaut Edition,243,52748,83,"14 Mar, 2020",,495420
Cryptmaster,244,1511,95,"10 May, 2024",,1885110
The Witcher: Enhanced Edition Director's Cut,245,57571,89,"16 Sep, 2008",,20900
Bug Fables: The Everlasting Sapling,246,4714,97,"21 Nov, 2019",,1082710
Dinkum,247,20662,93,"23 Apr, 2025","14 Jul, 2022",1062520
Pillars of Eternity II: Deadfire,248,13789,87,"9 May, 2018",,560130
Roadwarden,249,3655,95,"12 Sep, 2022",,1155970
DARK SOULS™ II: Scholar of the First Sin,250,74097,84,"2 Apr, 2015",,335300
Utawarerumono: Mask of Truth,251,1333,96,"23 Jan, 2020",,1151440
Medieval Dynasty,252,37105,90,"23 Sep, 2021","17 Sep, 2020",1129580
SCARLET NEXUS,253,12976,81,"25 Jun, 2021",,775500
Xuan-Yuan Sword: Dance of the Maple Leaves,254,289,95,"6 Jan, 1995",,1508750
My Time at Portia,255,33901,91,"15 Jan, 2019",,666140
Cogmind,256,1370,95,"17 Oct, 2017",,722730
The Bard's Tale Trilogy,257,1096,95,"14 Aug, 2018",,843260
The Legend of Heroes: Trails through Daybreak,258,861,92,"2 Mar, 2023",,2138610
Sultan's Game,259,15092,93,"31 Mar, 2025",,3117820
Healer's Quest,260,210,87,"18 Apr, 2018",,598490
Swords and Sandals Immortals,261,994,85,"10 Mar, 2023","27 May, 2022",1707650
Middle-earth™: Shadow of Mordor™,262,59043,92,"1 Oct, 2014",,241930
沙雕之路,263,962,96,"30 Oct, 2019","27 Sep, 2019",1092590
Horizon's Gate,264,1102,94,"10 Mar, 2020",,1224290
SUPER ROBOT WARS V,265,1576,91,"3 Oct, 2019",,1031500
The Legend of Heroes: Trails in the Sky,266,8126,93,"30 Jul, 2014",,251150
My Time at Sandrock,267,22133,88,"2 Nov, 2023","26 May, 2022",1084600
Ib,268,4073,99,"11 Apr, 2022",,1901370
Touhou: Lost Branch of Legend,269,1557,93,"18 Aug, 2022","18 Aug, 2022",1140150
Arisen Force: Life Devotee,270,1948,96,"24 Nov, 2024",,3279120
Dragon's Dogma: Dark Arisen,271,35553,88,"16 Jan, 2016",,367500
Siralim Ultimate,272,1670,94,"4 Dec, 2021","13 Mar, 2021",1289810
打工吧！天使酱 ~天使在魔界的劳改生活~,273,562,96,"22 Jul, 2022",,1984350
Fantasy World Souls,274,190,86,"17 Feb, 2023",,2301370
Shin Megami Tensei III Nocturne HD Remaster,275,3391,87,"21 May, 2021",,1413480
Escape from Ever After: Onboarding,276,719,96,"20 Jul, 2024",,2789420
The Witch's House MV,277,3106,95,"31 Oct, 2018",,885810
Tainted Grail: Conquest,278,6844,90,"27 May, 2021","19 Jun, 2020",1199030
Stellar Tactics,279,1378,80,"23 Sep, 2016",,465490
Secrets of Grindea,280,6711,89,"1 Mar, 2024","14 Jul, 2015",269770
West of Loathing,281,9172,97,"11 Aug, 2017",,597220
UFO 50,282,5947,95,"18 Sep, 2024",,1147860
WolfQuest: Anniversary Edition,283,8776,97,"26 Jul, 2019","26 Jul, 2019",926990
In Stars And Time,284,5489,97,"21 Nov, 2023",,1677310
RPG Maker MV,285,6855,91,"23 Oct, 2015",,363890
Action Taimanin,286,18625,83,"6 Oct, 2020",,1335200
BLEACH Brave Souls,287,11865,88,"18 Aug, 2020",,1201240
Phantom Brave PC,288,545,85,"25 Jul, 2016",,409870
封神榜2022,289,923,91,"7 Jan, 2022",,1807750
STAR WARS™ Jedi Knight - Jedi Academy™,290,10824,96,"16 Sep, 2003",,6020
Death Must Die,291,19538,90,"15 Nov, 2023","15 Nov, 2023",2334730
The Sims™ 3,292,29684,86,"2 Jun, 2009",,47890
Digimon World: Next Order,293,1639,80,"22 Feb, 2023",,1530160
ADOM (Ancient Domains Of Mystery),294,1186,87,"17 Nov, 2015",,333300
Attack on Titan 2 - A.O.T.2,295,6238,93,"27 Apr, 2023",,601050
Kingsvein,296,247,91,"16 Jan, 2024",,2276830
Fell Seal: Arbiter's Mark,297,4679,88,"1 May, 2019",,699170
FATE: The Cursed King,298,446,93,"20 Nov, 2014",,303690
Love Is All Around,299,35783,93,"18 Oct, 2023",,2322560
Utawarerumono: Prelude to the Fallen,300,1193,93,"22 Jan, 2021",,1151450
Unheard - Voices of Crime,301,28740,96,"29 Mar, 2019",,942970
Dark Goddess of Destruction: Idle,302,286,86,"5 Nov, 2024",,3251130
New Arc Line,303,402,81,"27 Nov, 2024","27 Nov, 2024",2458310
Hylics,304,6095,98,"3 Oct, 2015",,397740
Fabled Lands,305,469,80,"27 May, 2022","21 May, 2021",1299620
Vaporum,306,918,84,"29 Sep, 2017",,629690
Kakele Online - MMORPG,307,434,84,"1 Feb, 2020",,1541020
消失的航班，还有她她她！Lost in the secret!,308,633,92,"21 May, 2025",,3418690
Impostor Factory,309,10954,95,"1 Oct, 2021",,1182620
The Legend of Heroes: Trails through Daybreak II,310,369,90,"15 Feb, 2025",,2668430
Mortal Sin,311,3183,95,"16 Mar, 2023","16 Mar, 2023",1494810
20 Minutes Till Dawn,312,26490,91,"8 Jun, 2023","8 Jun, 2022",1966900
RuneScape ®,313,25309,82,"14 Oct, 2020",,1343400
FlyKnight,314,7359,96,"31 Jan, 2025",,3108510
Ninja Village,315,406,93,"23 May, 2022",,1918520
WitchSpring R,316,5452,96,"26 Sep, 2023",,1958220
Crawl Tactics,317,133,93,"9 Dec, 2022",,1290750
Wuthering Waves,318,11419,89,"29 Apr, 2025",,3513350
Jotunnslayer: Hordes of Hel,319,3734,82,"21 Jan, 2025","21 Jan, 2025",2820820
Jagged Alliance 3,320,9579,89,"14 Jul, 2023",,1084160
Voidspire Tactics,321,249,96,"3 Nov, 2015",,415920
FINAL FANTASY IX,322,10271,94,"14 Apr, 2016",,377840
吞食天地之乱舞三国,323,184,95,"29 Jan, 2025",,3418930
Three Fairies' Hoppin' Flappin' Great Journey!,324,159,85,"27 Aug, 2021",,1533590
Ryse: Son of Rome,325,34087,87,"10 Oct, 2014",,302510
Grimm's Hollow,326,13864,98,"31 Oct, 2019",,1170880
Dwarven Realms,327,2421,83,"28 Sep, 2024","17 Dec, 2022",2015240
暖雪 Warm Snow,328,33768,93,"19 Jan, 2022",,1296830
Big Ambitions,329,10218,93,"11 Mar, 2023","11 Mar, 2023",1331550
Wizardry: The Five Ordeals,330,469,85,"26 Oct, 2023","17 Dec, 2021",1308700
The Slormancer,331,5780,81,"14 May, 2025","7 Apr, 2021",1104280
Star Renegades,332,2474,82,"8 Sep, 2020",,651670
Necesse,333,14127,94,"13 Dec, 2019","13 Dec, 2019",1169040
Shadows Over Loathing,334,2868,96,"12 Nov, 2022",,1939160
Yakuza 3 Remastered,335,7010,80,"29 Jan, 2021",,1088710
巅峰骑士团,336,1233,90,"15 Aug, 2019",,1132730
三国真龙传,337,467,80,"24 Apr, 2024","14 Feb, 2023",2288210
Tales of Berseria™,338,14005,91,"27 Jan, 2017",,429660
DYSMANTLE,339,10026,91,"16 Nov, 2021","6 Nov, 2020",846770
The Doors of Trithius,340,486,96,"16 Aug, 2021","16 Aug, 2021",1519490
Death's Door,341,16672,93,"20 Jul, 2021",,894020
Age of Fear: The Free World,342,401,84,"19 Jan, 2019",,882410
Tales & Tactics,343,1401,81,"16 Aug, 2024","11 Aug, 2023",1652250
The Incredible Adventures of Van Helsing,344,7520,83,"23 May, 2013",,215530
Nyakori's Rabbit Doll,345,1255,95,"3 Feb, 2020",,1162070
Deck of Souls,346,141,89,"11 Dec, 2024","20 Jun, 2024",2088770
Fates of Ort,347,132,88,"31 Mar, 2020",,895480
The Legend of Heroes: Trails in the Sky SC,348,3185,97,"30 Oct, 2015",,251290
Ark of Artemis,349,252,81,"22 May, 2021",,1572340
Cyberdimension Neptunia: 4 Goddesses Online,350,3890,87,"28 Feb, 2018",,632350
Villages & Dungeons,351,263,87,"20 May, 2025",,3411020
Yarimono,352,2884,88,"30 Aug, 2024",,2696050
NieR Replicant™ ver.1.22474487139...,353,19234,88,"24 Apr, 2021",,1113560
Trash of the Titans,354,266,94,"29 May, 2024","29 May, 2024",2450400
Conquest Dark,355,1429,93,"30 Apr, 2025","30 Apr, 2025",3238670
Dust: An Elysian Tail,356,13836,95,"25 May, 2013",,236090
Multiverse Loot Hunter,357,1643,84,"3 Jan, 2025","3 Jan, 2025",2776450
Lakeview Valley,358,670,82,"22 Oct, 2019",,783840
Moekuri: Adorable + Tactical SRPG,359,327,87,"17 Dec, 2016",,529160
Felvidek,360,3672,98,"30 Mar, 2024",,2299900
Masquerada: Songs and Shadows,361,340,88,"1 Oct, 2016",,459090
FINAL FANTASY,362,6336,94,"29 Jul, 2021",,1173770
Dale & Dawson Stationery Supplies,363,6693,92,"31 Aug, 2024",,2920570
Cossacks: Art of War,364,287,81,"31 Mar, 2002",,4870
Trials of Mana,365,4555,91,"25 Apr, 2020",,924980
Travellers Rest,366,12593,88,"28 Jul, 2020","29 Jul, 2020",1139980
Tangledeep,367,1050,83,"2 Feb, 2018",,628770
SULFUR,368,4143,86,"29 Oct, 2024","29 Oct, 2024",2124120
Xuan-Yuan Sword 2,369,250,87,"8 Feb, 1994",,1508740
Cat Quest,370,7549,95,"9 Aug, 2017",,593280
Coromon,371,5253,86,"1 Apr, 2022",,1218210
Rogue Fable III,372,689,93,"23 Dec, 2021","29 Dec, 2018",956450
封神榜2023,373,250,94,"29 Sep, 2023",,2581570
High Sea Saga DX,374,387,81,"31 Aug, 2023",,2431880
The Lord of the Rings Online™,375,20970,81,"6 Jun, 2012",,212500
SRPG Studio,376,250,83,"21 Aug, 2018",,857320
Alvora Tactics,377,127,92,"1 Jun, 2017",,643900
Path of the Midnight Sun,378,200,84,"11 Jan, 2023",,1969060
三國立志傳3,379,140,82,"18 Jul, 2023",,2467190
三國立志傳2,380,125,80,"24 Mar, 2023",,2341920
Slice & Dice,381,2051,96,"20 Mar, 2024",,1775490
Siege of Avalon: Anthology,382,242,86,"9 Apr, 2021",,1558990
Infinite Adventures®,383,113,92,"30 Oct, 2018",,607820
AdventureQuest 3D,384,9281,81,"29 Oct, 2022","20 Oct, 2016",429790
Rakuen,385,4631,96,"11 May, 2017",,559210
FATE,386,3713,95,"18 May, 2005",,246840
Gloomhaven,387,12703,83,"20 Oct, 2021","17 Jul, 2019",780290
Heroes of Hammerwatch II,388,3968,85,"15 Jan, 2025",,619820
Full Mojo Rampage,389,519,84,"9 May, 2014",,225280
Tyranny,390,9375,87,"11 Nov, 2016",,362960
Monster Girls and the Mysterious Adventure 2,391,297,89,"26 Aug, 2022","9 Apr, 2022",1895860
STAR WARS™ Knights of the Old Republic™,392,26685,91,"19 Nov, 2003",,32370
Dungeon Munchies,393,6318,97,"28 Jul, 2022","6 Jun, 2019",799640
Torchlight II,394,32099,92,"21 Sep, 2012",,200710
The Witcher 2: Assassins of Kings Enhanced Edition,395,76584,89,"17 May, 2011",,20920
《鬼畜战记：金坷垃传说》,396,121,90,"26 Jul, 2019",,1087960
Rift Wizard 2,397,508,91,"1 Feb, 2025","25 Mar, 2024",2058570
Zorbus,398,295,90,"15 Sep, 2022",,2125420
Neverwinter Nights: Enhanced Edition,399,7086,89,"28 Mar, 2018",,704450
DRAGON QUEST BUILDERS,400,408,88,"14 Feb, 2024",,2436570
第七号列车 - Train No. 7,401,6706,97,"14 Aug, 2021",,1708870
Heroines of Swords & Spells,402,560,93,"17 Mar, 2020",,1212400
Athenian Rhapsody,403,300,92,"15 May, 2024",,1671720
Banishers: Ghosts of New Eden,404,4661,85,"13 Feb, 2024",,1493640
Aliya: Timelink,405,6002,98,"25 Apr, 2024",,2704110
Dead Island Definitive Edition,406,21677,82,"31 May, 2016",,383150
Tales of the Black Forest,407,13263,97,"26 Sep, 2019",,1093910
Ruins Seeker,408,656,92,"29 May, 2020",,1078280
FINAL FANTASY XII THE ZODIAC AGE,409,7277,90,"2 Feb, 2018",,595520
Yog-Sothoth’s Yard,410,8581,93,"20 Oct, 2023",,2194530
Epic Battle Fantasy 4,411,2643,98,"26 Feb, 2014",,265610
Dragon Age II: Ultimate Edition,412,5875,81,"8 Mar, 2011",,1238040
Inkbound,413,3293,87,"10 Apr, 2024","23 May, 2023",1062810
TaleSpire,414,3895,91,"15 Apr, 2021","15 Apr, 2021",720620
Lionheart: Legacy of the Crusader,415,149,83,"13 Aug, 2003",,595060
Cat Quest II,416,5176,95,"24 Sep, 2019",,914710
Fear Surrounds,417,10752,86,"20 Oct, 2021","26 Feb, 2021",1526490
Light Fairytale Episode 1,418,222,82,"13 May, 2019","13 Nov, 2018",539330
Darkwood,419,19208,95,"18 Aug, 2017",,274520
Word Game: Episode 0,420,4538,98,"14 Jan, 2021",,1507970
Defender's Quest: Valley of the Forgotten (DX edition),421,2678,95,"31 Oct, 2012",,218410
Archaelund,422,306,84,"9 Jan, 2024","9 Jan, 2024",1082970
DC Universe™ Online,423,21000,80,"3 Nov, 2011",,24200
The Banner Saga,424,13079,88,"15 Jan, 2014",,237990
Vestaria Saga I: War of the Scions,425,913,85,"28 Dec, 2019",,694770
CRYMACHINA,426,545,86,"25 Oct, 2023",,2258500
Illusion Carnival,427,4522,98,"12 Jul, 2024",,2796340
Outcast Tales: The First Journey,428,227,85,"30 Jan, 2024",,882590
江湖问情,429,221,89,"31 May, 2024",,2745740
Sword and Fairy,430,3546,97,"15 Apr, 2021",,1546570
天缘传说,431,375,96,"11 Jun, 2024",,2993680
Prime of Flames,432,885,86,"15 Dec, 2022","23 Aug, 2022",1937750
Misao - 2024 HD Remaster,433,2096,95,"25 Oct, 2017",,691450
Ravenswatch,434,11820,80,"27 Sep, 2024","7 Apr, 2023",2071280
Succubus Affection,435,1122,91,"23 Oct, 2020",,1328890
Chained Echoes,436,6380,90,"8 Dec, 2022",,1229240
Banner of the Maid,437,6152,87,"28 May, 2019",,994730
Mainframe Defenders,438,631,87,"26 Feb, 2020",,1184810
STAR WARS™ Knights of the Old Republic™ II - The Sith Lords™,439,20898,93,"8 Feb, 2005",,208580
Flowstone Saga,440,146,85,"26 Sep, 2024",,1372000
Sword Art Online: Lost Song,441,1695,80,"13 Nov, 2018",,840720
Epic Battle Fantasy 3,442,2184,96,"1 Sep, 2010",,521200
SurrounDead,443,6108,89,"25 Jun, 2022","25 Jun, 2022",1645820
FINAL FANTASY VI,444,3517,91,"24 Feb, 2022",,1173820
Undead Horde 2: Necropolis,445,388,84,"30 Mar, 2023","8 Dec, 2022",2065810
The Storm Guard: Darkness is Coming,446,160,80,"25 Aug, 2016",,409910
The Legend of Heroes: Trails to Azure,447,721,98,"15 Mar, 2023",,1668520
Super Lesbian Animal RPG,448,1206,99,"21 Dec, 2022",,2124380
Bitburner,449,6606,95,"11 Dec, 2021",,1812820
Icewind Dale: Enhanced Edition,450,2835,90,"31 Oct, 2014",,321800
异化之恶〇Abnormal Treatment,451,3509,97,"2 Aug, 2019",,1122750
Terra Randoma,452,132,88,"24 May, 2024","17 Dec, 2020",1120400
Isekai Succubus ~My Genderbent Saga in Another World~,453,154,84,"15 Jan, 2022",,1383680
Titan Quest Anniversary Edition,454,24177,91,"1 Sep, 2016",,475150
Old School RuneScape,455,18289,83,"22 Feb, 2013",,1343370
Rogue,456,432,95,"1 Jun, 1985",,1443430
DARK SOULS™ II,457,30973,87,"25 Apr, 2014",,236430
Tales of Maj'Eyal,458,5635,94,"31 Dec, 2012",,259680
"Warhammer 40,000: Mechanicus",459,10320,92,"16 Nov, 2018",,673880
Battle Brothers,460,22085,88,"24 Mar, 2017",,365360
Oceanhorn: Monster of Uncharted Seas,461,1260,81,"17 Mar, 2015",,339200
Alien Shooter,462,3480,95,"15 Sep, 2003",,33100
Beastieball,463,930,99,"13 Nov, 2024","13 Nov, 2024",1864950
The Legend of Heroes: Trails from Zero,464,1040,97,"28 Sep, 2022",,1668510
ONE PIECE: PIRATE WARRIORS 4,465,15758,91,"27 Mar, 2020",,1089090
Bravery Network Online,466,134,81,"17 Feb, 2021","17 Feb, 2021",1027120
Pyre,467,8098,90,"26 Jul, 2017",,462770
Ys VIII: Lacrimosa of DANA,468,5455,90,"17 Apr, 2018",,579180
Boneraiser Minions,469,4738,96,"9 Mar, 2023","5 Aug, 2022",1944570
Zoria: Prologue (2020),470,471,82,"1 May, 2020",,1216470
9 Kings,471,2556,92,"23 May, 2025","23 May, 2025",2784470
The Legend of Heroes: Ao no Kiseki KAI,472,276,94,"12 Jan, 2022",,1461920
FINAL FANTASY IV,473,2184,91,"9 Sep, 2021",,1173800
Sun Haven,474,19341,82,"11 Mar, 2023","26 Jun, 2021",1432860
LUNAR Remastered Collection,475,353,90,"18 Apr, 2025",,3255380
LoveChoice,476,29931,93,"15 Nov, 2021","1 Oct, 2018",939400
Murders on the Yangtze River,477,13685,97,"31 Jan, 2024",,1746030
Sunderfolk,478,554,92,"23 Apr, 2025",,2414270
Nobody Saves the World,479,5221,91,"18 Jan, 2022",,1432050
ZED ZONE,480,3171,81,"30 Mar, 2023","30 Mar, 2023",1211600
Wedding Witch,481,3834,89,"3 Nov, 2023",,2529820
契灵之约,482,229,88,"12 Aug, 2021",,1676880
OCTOPATH TRAVELER™,483,12162,86,"8 Jun, 2019",,921570
Little Goody Two Shoes,484,1558,95,"8 Nov, 2023",,1812370
Tales of Vesperia: Definitive Edition,485,3476,80,"11 Jan, 2019",,738540
KINGDOM HEARTS -HD 1.5+2.5 ReMIX-,486,6458,83,"14 Jun, 2024",,2552430
FINAL FANTASY III,487,2054,93,"29 Jul, 2021",,1173790
Time Space Rebuild,488,329,95,"20 May, 2025",,3292340
Touhou Luna Nights,489,12894,97,"26 Feb, 2019",,851100
Doom & Destiny,490,2241,96,"26 Aug, 2011",,318130
Swords & Souls: Neverseen,491,5064,93,"23 Jul, 2019",,679900
Vagrus - The Riven Realms,492,1290,85,"6 Oct, 2021","23 Jul, 2020",909660
Deadeye Deepfake Simulacrum,493,584,99,"14 Oct, 2022","14 Oct, 2022",1545990
NIGHT-RUNNERS™ PROLOGUE,494,18348,95,"24 Feb, 2024",,2707900
BioShock™,495,24071,94,"21 Aug, 2007",,7670
NGU IDLE,496,12053,95,"1 Oct, 2019",,1147690
The Age of Decadence,497,3319,81,"14 Oct, 2015",,230070
Yakuza 6: The Song of Life,498,6111,92,"26 Mar, 2021",,1388590
SKALD: Against the Black Priory,499,2694,93,"31 May, 2024",,1069160
嗜血印 Bloody Spell,500,30710,89,"27 Jan, 2022","16 Jan, 2019",992300
STAR OCEAN THE SECOND STORY R,501,2690,93,"3 Nov, 2023",,2238900
Dungeons of Dredmor,502,3595,94,"14 Jul, 2011",,98800
FALL IN LABYRINTH,503,968,94,"17 Apr, 2021",,1441840
The Legend of Heroes: Zero no Kiseki Kai,504,369,90,"23 Dec, 2021",,1457520
Heroes of Hammerwatch,505,7228,87,"2 Mar, 2018",,677120
Legends of Amberland II: The Song of Trees,506,124,97,"5 Dec, 2023",,2110840
daydream 白日夢,507,1105,98,"2 Mar, 2022",,1903370
Fate/Samurai Remnant,508,4532,90,"29 Sep, 2023",,1902690
Clicker Heroes,509,61273,89,"14 May, 2015",,363970
Meg's Monster,510,991,96,"2 Mar, 2023",,1783360
POPGOES Arcade,511,1374,96,"2 Jul, 2022",,1986840
咸鱼殿下 / My journey,512,1645,86,"1 Mar, 2025",,3433810
Duck Simulator 2,513,2801,96,"22 Nov, 2021",,1808800
The Riftbreaker: Prologue,515,4100,95,"6 Aug, 2020",,1293860
Terminus: Zombie Survivors,516,3823,94,"20 Aug, 2024","1 Mar, 2021",1534980
Sandwalkers - Prologue,517,180,83,"4 Jun, 2024",,2995230
Yes My Lord,518,169,97,"16 Sep, 2022",,1802850
Pocket Mirror ~ GoldenerTraum,519,1215,93,"20 May, 2023",,1899060
靈靈靈~妖靈傳說,520,132,96,"25 Oct, 2024",,3224610
Deus Ex: Game of the Year Edition,521,12724,94,"22 Jun, 2000",,6910
The Three Kingdoms: The Tales of Jian An,522,343,93,"11 Dec, 2024","11 Dec, 2024",3362990
Born Again,523,879,84,"16 Dec, 2023",,2332210
Death Trash,524,3273,93,"5 Aug, 2021","5 Aug, 2021",941460
Little Witch Nobeta,525,9137,84,"29 Sep, 2022","24 Jun, 2020",1049890
Tales of Zestiria,526,7034,81,"20 Oct, 2015",,351970
大千世界,527,2272,86,"17 Jul, 2020",,1348300
South Park™: The Fractured But Whole™,528,27845,84,"16 Oct, 2017",,488790
Ys Origin,529,2873,92,"1 Jun, 2012",,207350
Deus Ex: Human Revolution - Director's Cut,530,23786,92,"26 Oct, 2013",,238010
Dragon Princess is Hungry,531,192,94,"19 Aug, 2023",,2180550
God Of Weapons,532,4168,85,"13 Sep, 2023",,2342950
Luma Island,533,8454,83,"20 Nov, 2024",,2408820
China: Mao's legacy,534,939,91,"25 May, 2019",,950740
FINAL FANTASY V,535,1786,88,"11 Nov, 2021",,1173810
Gladiator Guild Manager,536,3293,81,"23 Jun, 2024","14 Oct, 2021",1043260
Ni no Kuni™ II: Revenant Kingdom,537,7753,83,"24 Mar, 2018",,589360
Templar Battleforce,538,897,93,"22 Sep, 2015",,370020
Tinyfolks,539,980,93,"1 Jun, 2022",,1909420
Death Road to Canada,540,7961,93,"22 Jul, 2016",,252610
Ember Knights,541,5350,93,"18 Jul, 2023","20 Apr, 2022",1135230
Renowned Explorers: International Society,542,2260,91,"2 Sep, 2015",,296970
Dungreed,543,8675,93,"15 Feb, 2018",,753420
AWAKEN - Astral Blade,544,746,84,"22 Oct, 2024",,1716310
Everhood,545,10996,95,"4 Mar, 2021",,1229380
Geneforge 1 - Mutagen,546,326,92,"24 Feb, 2021",,1424710
Amazing Cultivation Simulator,547,18596,86,"25 Nov, 2020","11 Jan, 2019",955900
Touhou Genso Wanderer -Reloaded-,548,1697,93,"26 Oct, 2018",,931500
.hack//G.U. Last Recode,549,3203,87,"4 Nov, 2017",,525480
Crystal Project,550,2163,92,"31 Mar, 2022",,1637730
Gladiator Guild Manager: Prologue,551,1544,93,"28 Aug, 2020",,1332470
飛天歷險2025(Dream Of Mirror Online),552,124,81,"19 Jun, 2024",,2899890
Yakuza 4 Remastered,553,4908,91,"29 Jan, 2021",,1105500
Avernum: Escape From the Pit,554,1101,91,"12 Apr, 2012",,208400
ACE Academy,555,1395,95,"22 Aug, 2016",,396650
NO-SKIN,556,745,96,"17 Feb, 2025",,3011030
Iratus: Lord of the Dead,557,6770,85,"24 Apr, 2020","25 Jul, 2019",807120
Tales of Symphonia,558,4130,85,"2 Feb, 2016",,372360
ICEY,559,24381,90,"17 Nov, 2016",,553640
黑巢姐妹,560,110,96,"5 Dec, 2023",,1512830
There is No GreenDam,561,1852,95,"11 Nov, 2019",,1109460
Fallout 3: Game of the Year Edition,562,39559,80,"13 Oct, 2009",,22370
ヘブンバーンズレッド,563,4337,86,"11 Aug, 2022",,1973710
Wizardry 8,564,973,89,"15 Nov, 2001",,245450
Utawarerumono: Mask of Deception,565,1228,92,"23 Jan, 2020",,1149550
Boyfriend Dungeon,566,1918,91,"12 Aug, 2021",,674930
Fallout 2: A Post Nuclear Role Playing Game,567,12258,94,"1 Dec, 1998",,38410
Nightmare Knight ~Sacred Maiden & Fallen Magic~,568,366,86,"2 Nov, 2024",,2630020
Ys IX: Monstrum Nox,569,1561,94,"7 Jul, 2021",,1351630
Hero's Adventure: Road to Passion,570,20226,84,"16 Nov, 2023","8 Mar, 2023",1948980
Detective Girl of the Steam City,571,1798,91,"19 Jul, 2019",,1012030
Persona 3 Portable,572,4195,80,"19 Jan, 2023",,1809700
Yakuza 5 Remastered,573,5353,89,"29 Jan, 2021",,1105510
That Time I Got Reincarnated as an Orc,574,355,90,"23 Jul, 2021",,1516080
SaGa Frontier 2 Remastered,575,242,95,"28 Mar, 2025",,2452080
Armored of Doom,576,313,81,"20 Sep, 2024",,2902000
Wizard101,577,8177,81,"2 Sep, 2008",,799960
Dungeon's Legion,578,503,87,"14 Oct, 2023",,2287970
Natsu no Sagashimono ~What We Found That Summer~,579,725,87,"28 Sep, 2024",,2997980
Baldur's Gate: Dark Alliance,580,855,83,"18 Dec, 2021",,1695830
The Forgotten City,581,9442,96,"28 Jul, 2021",,874260
Immortal Life,582,3524,80,"18 Jan, 2024","28 Apr, 2022",1201230
Welcome to Maison Chichigami,583,242,90,"8 Feb, 2025",,2914480
The Use of Life,584,393,90,"21 May, 2022","21 May, 2022",1483370
Ys: The Oath in Felghana,585,1742,94,"20 Mar, 2012",,207320
The Legend of Heroes: Kuro no Kiseki,586,1166,91,"28 Jul, 2022",,1811950
Class of '09,587,6552,95,"11 Jun, 2021",,1443200
The Test: Secrets of the Soul 2,588,630,98,"11 Apr, 2023",,2349550
Divine Divinity,589,3112,87,"20 Sep, 2002",,214170
Silence of the Siren,590,292,92,"30 Sep, 2024","30 Sep, 2024",2147380
Black Gunner Wukong: Prologue,591,716,98,"10 Nov, 2023",,2095890
KINGDOM HEARTS III + Re Mind (DLC),592,1304,92,"14 Jun, 2024",,2552450
Vestaria Saga II: The Sacred Sword of Silvanister,593,214,91,"28 Jul, 2022",,1811600
Ys I & II Chronicles+,594,2442,88,"15 Feb, 2013",,223810
WARRIORS: Abyss,595,1134,84,"13 Feb, 2025",,3178350
The Walking Dead: Saints & Sinners,596,7208,87,"24 Jan, 2020",,916840
Banquet for Fools,597,128,91,"1 Oct, 2024","1 Oct, 2024",3172700
西游记2021,598,370,94,"1 Oct, 2021",,1742450
Eternium,599,4058,82,"22 Aug, 2023","11 Oct, 2021",981600
"Dwarves: Glory, Death and Loot",600,1544,81,"17 Aug, 2023","17 Aug, 2023",2205850
Slaughter Horse 2,601,127,97,"6 Dec, 2022","6 Dec, 2022",2076260
Garden of Witches,602,328,96,"23 May, 2025","23 May, 2025",2530470
Home and Dungeon,603,307,86,"2 Oct, 2020",,1395850
英雄群侠传II,604,2014,88,"15 Jul, 2019",,1115640
Minecraft Dungeons,605,12729,91,"23 Sep, 2021",,1672970
Dredgers,606,446,88,"23 Oct, 2019",,1112930
Flatworld,607,845,96,"29 Apr, 2022","29 Apr, 2022",1296540
Tenebris: Terra Incognita,608,138,89,"30 Sep, 2024","30 Sep, 2024",2280060
Vampire: The Masquerade - Bloodlines,609,12438,94,"16 Nov, 2004",,2600
VOIN,610,628,94,"11 Dec, 2024","11 Dec, 2024",2464530
The Aquarium does not dance,611,810,96,"15 Feb, 2024",,2814910
Tower of Time,612,2082,83,"12 Apr, 2018",,617480
Age of Fear 3: The Legend,613,160,94,"1 Sep, 2017",,431700
WhiteClothes,614,149,93,"31 May, 2023",,1495940
Turnip Boy Commits Tax Evasion,615,8883,95,"23 Apr, 2021",,1205450
Legends of Amberland: The Forgotten Crown,616,242,94,"1 Aug, 2019","26 Mar, 2019",873890
Chef RPG,617,1571,87,"12 Sep, 2024","12 Sep, 2024",1796790
Another Crab's Treasure,618,13900,94,"26 Apr, 2024",,1887840
STRANGER OF PARADISE FINAL FANTASY ORIGIN,619,2918,83,"7 Apr, 2023",,1358700
Nursery Slime,620,151,88,"22 Oct, 2021",,1648560
Ostalgie: The Berlin Wall,621,636,93,"26 Mar, 2018",,774091
Guards II: Prologue,622,139,95,"21 Mar, 2025",,2958580
Winter Falling: Battle Tactics,623,388,92,"9 Nov, 2022","9 Nov, 2022",1285060
Mini Healer,624,2109,89,"24 Apr, 2020","24 Apr, 2020",955740
Tokyo Xanadu eX+,625,1251,86,"8 Dec, 2017",,587260
NEO: The World Ends with You,626,778,92,"20 Oct, 2022",,1647550
Expeditions: Viking,627,3100,83,"28 Apr, 2017",,445190
Ambrosia,628,2452,93,"30 Jan, 2021",,1078350
Treasure Hunter Claire,629,2225,89,"20 Jul, 2018",,828070
The Outer Worlds,630,22288,83,"23 Oct, 2020",,578650
Lost:Antinomy,631,994,91,"25 Mar, 2024",,2521180
Reverse Crawl,632,374,89,"25 Sep, 2015",,400660
I Am Future: Cozy Apocalypse Survival,633,3450,86,"14 Nov, 2024","9 Aug, 2023",1658040
Rogue Legacy 2,634,13625,90,"29 Apr, 2022","19 Aug, 2020",1253920
Murim Survival,635,144,81,"18 Mar, 2025","18 Mar, 2025",3449590
Shogun Showdown: Prologue,636,667,97,"4 Apr, 2023",,2316330
Beast Saga,637,989,81,"6 Mar, 2025","6 Mar, 2025",2232880
Dungeon Siege,638,3547,81,"5 Apr, 2002",,39190
Rebellion GODSOUL: Awakening,639,1661,83,"1 May, 2025","1 May, 2025",1213300
Scarmonde,640,150,100,"7 Oct, 2024",,2769210
"Knowledge, or know Lady",641,7323,95,"29 Mar, 2024",,2786680
Draw,642,546,96,"7 Oct, 2023",,2473980
The Legend of Heroes: Trails of Cold Steel,643,4765,94,"3 Aug, 2017",,538680
Wantless : Solace at World’s End,644,226,88,"16 May, 2024","8 Nov, 2023",1807090
Avernum 2: Crystal Souls,645,227,93,"15 Jan, 2015",,337850
外兽祭·兽人们的冒险酒馆,646,221,91,"29 Jul, 2021",,1590570
START AGAIN: a prologue,647,446,96,"18 Aug, 2021",,1691420
Heaven Dust 2,648,701,91,"6 Jan, 2022",,1515900
The Last Flame,649,2363,85,"10 Jan, 2025","18 Jan, 2024",1830970
Path of the Abyss,650,445,94,"21 Dec, 2023","21 Dec, 2023",1768650
Melvor Idle,651,13311,90,"19 Nov, 2021","20 Nov, 2020",1267910
The Riftbreaker,652,16510,90,"14 Oct, 2021",,780310
Paper Lily - Chapter 1,653,6486,99,"27 Jan, 2024",,2220360
GOD EATER 3,654,7227,80,"8 Feb, 2019",,899440
RPG Maker 2003,655,687,93,"25 Apr, 2015",,362870
Nightmare Hunter,656,122,87,"20 Aug, 2022",,1990590
Burden of Command™,657,348,81,"9 Apr, 2025",,887490
Minishoot' Adventures,658,5633,97,"3 Apr, 2024",,1634860
Abalon: Roguelike Tactics CCG,659,457,94,"11 May, 2023","21 Jun, 2022",1681840
TUNIC,660,13890,91,"17 Mar, 2022",,553420
Sid Meier's Pirates!,661,5633,95,"11 Jul, 2005",,3920
Drakensang,662,606,80,"27 Feb, 2009",,12640
Towards Future,663,712,98,"18 Feb, 2022",,1888010
Ys: Memories of Celceta,664,826,92,"26 Jul, 2018",,587110
Age of Fear: The Undead King,665,292,89,"15 Nov, 2016",,351480
Dead Grid,666,320,92,"24 Mar, 2022","24 Mar, 2022",1533680
The Testing Chamber,667,639,97,"29 Mar, 2022",,1921900
Potato Flowers in Full Bloom,668,484,95,"10 Mar, 2022",,1601280
Gedonia 2,669,443,81,"9 Apr, 2025","9 Apr, 2025",2566340
유어 블라이트,670,272,89,"10 Nov, 2022","10 Nov, 2022",1600500
KingSim,671,175,85,"29 May, 2020",,1146170
CHRONO TRIGGER®,672,10033,88,"28 Feb, 2018",,613830
Tinkerlands,673,550,83,"24 May, 2025","24 May, 2025",2617700
At Home Alone Final,674,7238,97,"1 Jan, 2022",,1740100
This Grand Life 2,675,128,94,"21 Jun, 2024","21 Jun, 2024",2459490
Siralim 3,676,879,94,"15 Oct, 2018",,841770
Withering Rooms,677,926,96,"5 Apr, 2024","4 Oct, 2022",2006140
Ys VI: The Ark of Napishtim,678,1194,90,"29 Apr, 2015",,312540
Bloomtown: A Different Story,679,854,86,"24 Sep, 2024",,2445990
The Fall of the Dungeon Guardians - Enhanced Edition,680,586,83,"6 Nov, 2015",,409450
Hyper Light Drifter,681,14286,93,"31 Mar, 2016",,257850
DEAD OR SCHOOL,682,2557,84,"4 Jun, 2019",,789760
Noob - The Factionless,683,333,80,"29 Jun, 2023","30 Jun, 2021",1623880
Eiyu*Senki Gold – A New Conquest,684,373,84,"26 Jun, 2021",,1518430
仙绣剑缘录,685,792,86,"29 Oct, 2021",,1786670
Vtuber Simulator : Vtuber模擬器,686,432,85,"9 Aug, 2021",,1704060
缄默咖啡厅,687,202,85,"15 Oct, 2022",,2163000
High School Odyssey,688,575,92,"10 Nov, 2023","31 Mar, 2022",1353920
Xanadu Next,689,664,92,"4 Nov, 2016",,312560
Little Noah: Scion of Paradise,690,1863,92,"28 Jun, 2022",,1883260
Corpse Party (2021),691,1105,91,"21 Oct, 2021",,1273260
Lightracer Spark,692,880,83,"12 Apr, 2023",,2094270
Class of '09: The Re-Up,693,3796,97,"2 Jun, 2023",,2318310
B100X - Auto Dungeon RPG,694,931,80,"27 Jan, 2021",,1258780
Rise of the Third Power,695,440,88,"10 Feb, 2022",,698700
Spirit of Europe - Origins,696,120,88,"30 Sep, 2021",,1689280
Dungeonmans,697,1022,90,"10 Dec, 2014",,288120
Maiden And Lord,698,410,89,"28 Mar, 2025","5 Mar, 2025",3473160
Epic Battle Fantasy Collection,699,293,96,"1 May, 2009",,1469620
Baldur's Gate: Dark Alliance II,700,560,82,"21 Jul, 2022",,1889930
Five Hearts Under One Roof,701,3738,91,"3 Oct, 2024",,3021100
Astral Throne,702,189,84,"8 Feb, 2025",,2560500
DOKAPON! Sword of Fury,703,205,87,"22 Jan, 2025",,3077020
勇者与亡灵之都,704,175,97,"4 Jul, 2024",,1987480
Project Kat - Paper Lily Prologue,705,5332,99,"16 Oct, 2021",,1698960
Virgo Versus The Zodiac,706,754,92,"13 Dec, 2019",,920320
Ys SEVEN,707,818,92,"31 Aug, 2017",,587100
Succumate,708,905,82,"21 Nov, 2020",,1278390
Ideology in Friction,709,1584,86,"14 Jun, 2019",,1011940
Crawl,710,5382,95,"11 Apr, 2017",,293780
Deathbulge: Battle of the Bands,711,335,98,"9 Aug, 2023",,1083790
Royal Quest Online,712,3621,81,"19 Dec, 2024",,2962300
Dragon Spirits : Prologue,713,128,96,"27 Aug, 2020",,1363490
Digimon Story Cyber Sleuth: Complete Edition,714,9060,90,"18 Oct, 2019",,1042550
The Life and Suffering of Sir Brante,715,7074,90,"4 Mar, 2021",,1272160
Salt and Sanctuary,716,18900,89,"18 May, 2016",,283640
Spellwake,717,231,86,"1 Sep, 2018",,921070
Halcyon 6: Starbase Commander (LIGHTSPEED EDITION),718,560,80,"10 Aug, 2017",,651660
Cataclysm: Dark Days Ahead,719,437,92,"31 Mar, 2023",,2330750
Ys X: Nordics,720,724,87,"26 Oct, 2024",,2731870
Borderlands: The Pre-Sequel,721,29771,81,"14 Oct, 2014",,261640
Spear Song,722,140,91,"10 Oct, 2024","10 Oct, 2024",2103510
Princess Maker 2 Refine,723,1483,93,"28 Sep, 2016",,523000
Shiina Taki's Decameron,724,5329,99,"21 Nov, 2024",,3269960
Frontier Hunter: Erza’s Wheel of Fortune,725,1538,83,"26 Jul, 2024","15 Dec, 2022",1429500
Soulmask,726,12126,80,"31 May, 2024","31 May, 2024",2646460
The Test: Hypothesis Rising,727,5804,97,"28 Apr, 2020",,1282200
THE LEGEND OF HEROES: HAJIMARI NO KISEKI,728,846,83,"26 Aug, 2021",,1562940
The Captain,729,271,92,"4 Dec, 2021",,1721530
Sudeki,730,818,91,"25 Mar, 2005",,233350
Super Algebrawl,731,155,91,"19 Jan, 2024",,2688900
Long Gone Days,732,429,89,"11 Oct, 2023","29 Mar, 2018",510540
Witchfire,733,8189,92,"24 Sep, 2024","24 Sep, 2024",3156770
Magic Archery,734,5656,98,"4 Oct, 2024",,2905170
Children of Morta,735,16369,89,"4 Sep, 2019",,330020
Avernum 3: Ruined World,736,211,87,"31 Jan, 2018",,691830
Meridian 59,737,351,85,"27 Sep, 1996",,893390
Rune Factory 3 Special,738,564,94,"6 Sep, 2023",,2243710
Shin Megami Tensei V: Vengeance,739,5853,93,"14 Jun, 2024",,1875830
The Elder Scrolls II: Daggerfall,740,3012,86,"20 Sep, 1996",,1812390
Soulash 2,741,1987,86,"5 Dec, 2023","5 Dec, 2023",2399160
Peglin,742,14981,83,"28 Aug, 2024","26 Apr, 2022",1296610
Wolfstride,743,706,89,"7 Dec, 2021",,1331210
8-Bit Adventures 2,744,249,94,"31 Jan, 2023",,733110
Eiyuden Chronicle: Rising,745,1848,86,"11 May, 2022",,1658290
The Test: Final Revelation,746,5282,97,"13 Oct, 2020",,1428310
UnReal World,747,1146,93,"27 Feb, 2016",,351700
Fantasy Grounds VTT,748,719,82,"6 Nov, 2020","28 Aug, 2020",1196310
Monsters' Den: Godfall,749,456,84,"7 Jul, 2017",,469720
Tear and the Library of Labyrinths,750,306,91,"7 Nov, 2020",,1378040
Eternal Radiance,751,422,82,"16 Dec, 2020","14 Apr, 2020",923570
Age of Fear 2: The Chaos Lord GOLD,752,271,80,"27 Mar, 2016",,341150
Etrian Odyssey III HD,753,475,89,"14 Jun, 2023",,1810820
Dreamscaper,754,2437,88,"6 Aug, 2021","14 Aug, 2020",1040420
Approaching Infinity,755,445,95,"29 Apr, 2025","5 Aug, 2020",551620
UnderRail,756,5635,87,"18 Dec, 2015",,250520
Stirring Abyss,757,311,88,"30 Oct, 2020",,1178210
Yakuza Kiwami,758,16146,93,"20 Feb, 2019",,834530
Bellwright,759,11197,80,"23 Apr, 2024","23 Apr, 2024",1812450
Fate Seeker,760,11794,90,"8 Aug, 2018",,882790
Chronicon,761,8518,94,"21 Aug, 2020",,375480
Lost Castle / 失落城堡,762,18075,87,"1 Sep, 2016",,434650
Avadon: The Black Fortress,763,430,82,"18 Aug, 2011",,112100
ATOM RPG: Post-apocalyptic indie game,764,9439,85,"19 Dec, 2018",,552620
EXCALIBURIAN!!,765,230,93,"31 Dec, 2021",,1739530
Project: Gorgon,766,2202,85,"13 Mar, 2018",,342940
Hot Spring Hero,767,136,83,"9 Apr, 2022",,1588410
Enishia and the Binding Brand,768,703,85,"11 May, 2024",,2582650
Forgotten Mines,769,250,80,"23 Jul, 2024",,2238630
I Was a Teenage Exocolonist,770,3631,96,"26 Aug, 2022",,1148760
Charlie Murder,771,2116,95,"12 May, 2017",,405290
DYNASTY WARRIORS 8: Xtreme Legends Complete Edition,772,11404,84,"14 May, 2014",,278080
末日战姬-二次元.策略.卡牌.游戏,773,183,81,"9 Apr, 2025",,3607700
Scarlet Hollow,774,2722,98,"12 Jun, 2021","12 Jun, 2021",1609230
Minds Beneath Us,775,3129,96,"31 Jul, 2024",,1610440
Affogato,776,931,82,"17 Aug, 2023",,1983970
Barony,777,7277,92,"24 Jun, 2015",,371970
Depersonalization,778,5296,93,"9 Aug, 2024","20 Dec, 2022",1477070
Siralim 2,779,428,92,"13 Aug, 2016",,464620
Chicory: A Colorful Tale,780,2922,97,"11 Jun, 2021",,1123450
RoboCop: Rogue City,781,15956,87,"3 Nov, 2023",,1681430
Archmage Ricka,782,146,88,"4 Nov, 2022",,1981500
Final Fantasy IV (3D Remake),783,2467,84,"18 Sep, 2014",,312750
Behind the Frame: The Finest Scenery,784,4558,95,"25 Aug, 2021",,1634150
WORLD OF HORROR,785,8567,91,"20 Oct, 2023","21 Feb, 2020",913740
Across the Obelisk,786,9821,82,"8 Apr, 2021","9 Apr, 2021",1385380
Touhou: Scarlet Curiosity,787,1115,92,"12 Jul, 2018",,845880
Paper Sorcerer,788,417,83,"21 Nov, 2013",,263560
Rhapsody: A Musical Adventure,789,144,93,"31 Aug, 2022",,1866430
The Legend of Heroes: Sen no Kiseki II KAI -The Erebonian Civil War-,790,310,86,"25 Feb, 2021",,1450090
Bloodstained: Ritual of the Night,791,28032,93,"18 Jun, 2019",,692850
Snufkin: Melody of Moominvalley,792,2458,97,"8 Mar, 2024",,1808680
Divinity: Original Sin (Classic),793,8071,90,"1 Jul, 2014",,230230
Love Curse: Find Your Soulmate,794,1560,96,"19 Apr, 2025",,3069120
Epics of Distant Realm: Holy Return,795,177,83,"17 Mar, 2022",,1833300
King's Bounty: The Legend,796,2643,91,"23 Sep, 2008",,25900
Fallen ~Makina and the City of Ruins~,797,1854,85,"23 Feb, 2018",,791330
Halcyon 6: Starbase Commander,798,958,80,"9 Sep, 2016",,371200
Heroes of the Three Kingdoms,799,602,93,"13 Nov, 2020",,1437820
DungeonTop,800,443,81,"22 Jun, 2020","16 Jan, 2020",1146230
Bit Heroes Quest,801,3184,80,"14 Dec, 2017",,666860
Little Witch in the Woods,802,7191,89,"17 May, 2022","17 May, 2022",1594940
Ni no Kuni Wrath of the White Witch™ Remastered,803,3564,84,"20 Sep, 2019",,798460
Fable Anniversary,804,12856,85,"13 Sep, 2014",,288470
Wizardry 7: Crusaders of the Dark Savant,805,215,86,"11 Sep, 2013",,245430
QUESTER,806,148,87,"15 May, 2023",,1754460
Tails of Iron,807,10703,88,"17 Sep, 2021",,1283410
Shadowrun Returns,808,9279,88,"26 Jul, 2013",,234650
Eris Dysnomia,809,212,91,"19 Aug, 2023",,2377420
Forgotten Realms: The Archives - Collection One,810,222,91,"30 Mar, 2022",,1882240
Vaporum: Lockdown,811,251,84,"16 Sep, 2020",,1161880
Undead World,812,124,90,"11 Mar, 2023","11 Mar, 2023",2193420
Monster Sanctuary,813,9355,91,"9 Dec, 2020","29 Aug, 2019",814370
Gurumin: A Monstrous Adventure,814,612,91,"31 Mar, 2015",,322290
Asgard's Fall — Viking Survivors,815,744,85,"9 Apr, 2025","9 Apr, 2025",2780710
Fate Seeker II,816,11156,89,"22 Nov, 2021",,1559390
Tails Noir: Prologue,817,4124,96,"25 Apr, 2019",,992310
A Random Maze 某个迷宫,818,498,95,"11 Mar, 2021",,1164100
Promise Mascot Agency,819,1172,97,"10 Apr, 2025",,2585830
The Legend of Nayuta: Boundless Trails,820,133,93,"11 Dec, 2021",,1668530
Mass Effect (2007),821,14739,93,"28 May, 2008",,17460
The Legend of Heroes: Sen no Kiseki I KAI -Thors Military Academy 1204-,822,519,85,"8 Feb, 2021",,1450120
Dark Hunting Ground,823,343,95,"8 Nov, 2024","8 Nov, 2024",2494810
A Gay Love Story About Gay Love,824,203,87,"14 Sep, 2020",,1384700
Gone Rogue,825,245,87,"2 Mar, 2023",,1803600
Robin Hood - Sherwood Builders - Bandit's Trail,826,1041,83,"9 Aug, 2023",,2465830
Shadowrun: Dragonfall - Director's Cut,827,5180,89,"19 Sep, 2014",,300550
The Imperial Gatekeeper,828,1934,80,"3 Sep, 2022",,1933650
Stories from the Outbreak,829,126,83,"21 Feb, 2024","28 Mar, 2023",1968630
Chevalier Historie,830,362,84,"26 Feb, 2022",,1413960
河洛群俠傳 (Ho Tu Lo Shu ： The Books of Dragon),831,9169,82,"15 Nov, 2018",,952860
Shadows of Doubt,832,12748,84,"27 Sep, 2024","24 Apr, 2023",986130
Ys IX -Monstrum NOX-,833,435,90,"20 Jan, 2022",,1732330
Wasteland 2: Director's Cut,834,4624,82,"19 Sep, 2014",,240760
Keylocker | Turn Based Cyberpunk Action,835,165,89,"19 Sep, 2024",,1325040
ZEPHON,836,1197,87,"8 Nov, 2024",,1481170
Crisis in the Kremlin,837,1298,83,"20 Mar, 2017",,599750
Yggdra Union,838,230,95,"27 Jul, 2023","7 Feb, 2023",2107860
The Genesis Project,839,1752,85,"14 Apr, 2022","14 Apr, 2022",1610900
Command & Conquer Red Alert™ 2 and Yuri’s Revenge™,840,7970,93,"8 Mar, 2024",,2229850
Niplheim's Hunter - Branded Azel,841,748,90,"7 Jan, 2019",,965670
Queen's Wish: The Conqueror,842,263,80,"11 Sep, 2019",,1058130
Mega Man Battle Network Legacy Collection Vol. 1,843,1111,87,"14 Apr, 2023",,1798010
Sister Travel,844,642,89,"25 Jan, 2019",,959890
FOUNTAINS,845,229,89,"20 Dec, 2024",,1841240
Noel the Mortal Fate S1-7,846,2471,96,"14 May, 2018",,850000
Ruza,847,150,96,"12 Nov, 2022",,2177620
Survivalist: Invisible Strain,848,3175,88,"25 Apr, 2025","1 Jun, 2020",1054510
Dark Bestiary,849,499,88,"13 Jul, 2020","27 Jul, 2019",1020730
Gothic II: Gold Edition,850,10946,92,"29 Nov, 2005",,39510
Songs for a Hero - Definitive Edition,851,2124,96,"30 Apr, 2020",,389170
Chaos Galaxy 2,852,264,83,"6 Jan, 2023","25 Jul, 2022",1537910
Sands of Salzaar,853,21056,81,"16 Dec, 2021","3 Jan, 2020",1094520
Ticy Adventure Club,854,3056,98,"2 Dec, 2022",,2135690
Lunacid,855,8125,91,"31 Oct, 2023","16 Mar, 2022",1745510
Walking Zombie 2,856,12481,87,"11 Oct, 2019",,965200
Loren The Amazon Princess,857,421,83,"16 Jan, 2014",,257970
Half Minute Hero: The Second Coming,858,446,92,"5 Apr, 2014",,240970
Billionaire Lovers,859,3451,95,"3 Jul, 2021",,1578860
Garden Story,860,1226,90,"12 Aug, 2021",,1062140
Soda Dungeon 2,861,5417,94,"10 Jul, 2020",,946050
Contradiction: Spot The Liar,862,2728,95,"10 Jul, 2015",,373390
Zwei: The Ilvard Insurrection,863,470,95,"1 Nov, 2017",,427700
枝江第一舞斗会,864,228,84,"26 Jul, 2022",,1864590
Sucker for Love: First Date,865,2437,98,"20 Jan, 2022",,1574270
Hello Charlotte EP3: Childhood's End,866,2358,98,"5 Jan, 2018",,760890
Despot's Game: Dystopian Battle Simulator,867,2711,84,"30 Sep, 2022","15 Oct, 2021",1227280
Suits: A Business RPG,868,891,89,"5 Jan, 2016",,410670
Neptunia: Sisters VS Sisters,869,607,82,"25 Jan, 2023",,1932160
DRAGON BALL XENOVERSE,870,16368,89,"27 Feb, 2015",,323470
Avadon 2: The Corruption,871,161,81,"31 Oct, 2013",,233310
Punch Club,872,11303,82,"9 Jan, 2016",,394310
Gothic 1,873,11313,91,"15 Mar, 2001",,65540
The Legend of Heroes: Sen no Kiseki III,874,434,83,"25 Mar, 2021",,1450080
Zombie Shooter,875,795,83,"29 Dec, 2007",,33130
Monster Hunter Stories 2: Wings of Ruin,876,10954,81,"9 Jul, 2021",,1277400
Moonlighter,877,15413,82,"29 May, 2018",,606150
Terra Memoria,878,248,87,"27 Mar, 2024",,1912750
The Last Flame: Prologue,879,327,86,"9 Jan, 2024",,2517810
Grimlord,880,803,80,"20 Dec, 2024","23 Jun, 2023",1910860
Dungeon Clawler,881,2370,89,"22 Nov, 2024","22 Nov, 2024",2356780
Craft The World,882,14106,88,"25 Nov, 2014",,248390
KINGDOM HEARTS HD 2.8 Final Chapter Prologue,883,372,82,"14 Jun, 2024",,2552440
苍白花树繁茂之时Blood Flowers,884,206,83,"14 Apr, 2023","3 Nov, 2022",2094190
Beyond Galaxyland,885,210,87,"25 Sep, 2024",,1543710
Neptunia x SENRAN KAGURA: Ninja Wars,886,908,82,"12 May, 2022",,1836860
Brutal Orchestra,887,1633,97,"18 Dec, 2021",,1734320
Waste Walkers,888,142,80,"2 Jun, 2015",,371100
Kynseed,889,2892,82,"7 Dec, 2022","8 Nov, 2018",758870
Wayward,890,1157,86,"23 Apr, 2016",,379210
A Magical High School Girl / 魔法の女子高生,891,141,80,"23 Nov, 2016",,555630
Liz ~The Tower and the Grimoire~,892,480,89,"14 Feb, 2020",,1078330
Wooden Ocean,893,172,97,"10 Jun, 2020",,684000
Multiverse loot Hunter - Three Kingdoms,894,160,83,"30 Sep, 2024",,3214000
Ajax’s Trial,895,326,81,"27 May, 2023",,2422080
Rune Factory 4 Special,896,1738,87,"8 Dec, 2021",,1580240
Siralim,897,194,84,"24 Apr, 2015",,362090
Prison Life 2,898,166,81,"30 Mar, 2023",,2125160
Pages of Time: Prologue,899,2666,97,"24 Nov, 2022",,2207540
Vigilantes,900,268,80,"4 Oct, 2018",,545600
Beacon Pines,901,2320,97,"22 Sep, 2022",,1269640
MidBoss,902,207,84,"26 May, 2017",,561740
Ancient Dungeon,903,1335,95,"4 Nov, 2021","4 Nov, 2021",1125240
Kingdoms of Amalur: Reckoning™,904,11815,87,,,102500
Warsim: The Realm of Aslona,905,1807,96,"21 Dec, 2022","29 Jun, 2017",659540
Popup Dungeon,906,593,80,"13 Aug, 2020",,349730
英雄黄昏-文字三国志&曹贼模拟器,907,3262,97,"30 Sep, 2021",,1754720
Sea Fantasy,908,362,85,"7 Jan, 2025",,2835110
Islands of the Caliph,909,231,89,"30 Sep, 2023",,1845670
逗比危机,910,189,100,"2 Oct, 2024",,2857730
Critter Cove,911,1261,95,"11 Sep, 2024","11 Sep, 2024",1631470
Legend of Grimrock,912,4564,93,"12 Apr, 2012",,207170
Hamidashi Creative,913,1702,96,"30 Sep, 2022",,1604380
Explorer of Yggdrasil,914,242,85,"13 Mar, 2021",,1328900
Battle Chef Brigade Deluxe,915,1481,95,"21 Nov, 2017",,452570
Keep Driving,916,2624,94,"6 Feb, 2025",,2756920
Diabolic,917,299,84,"27 Mar, 2018",,801290
Dark Messiah of Might & Magic,918,8379,89,"25 Oct, 2006",,2100
Plushie from the Sky,919,310,96,"6 May, 2024",,1679510
Arco,920,1443,96,"16 Aug, 2024",,2366970
The Legend of Tianding,921,2991,95,"2 Nov, 2021",,1406850
Cattails | Become a Cat!,922,2223,95,"1 Dec, 2017",,634160
StarCrawlers,923,777,83,"24 May, 2017",,318970
Word Game,924,5565,93,"21 Jan, 2022",,1109570
Black Book,925,4775,93,"11 Aug, 2021",,1138660
Obenseuer,926,952,94,"12 Dec, 2018","12 Dec, 2018",951240
Mosaique Neko Waifus 2,927,2563,95,"5 Jun, 2020",,1299120
Armello,928,10818,82,"2 Sep, 2015",,290340
School Days,929,2582,96,"31 Aug, 2024",,1991040
School Days,929,2582,96,"31 Aug, 2024",,3100110
Kagura Survivors: Endless Night,930,2584,81,"1 Apr, 2023","1 Apr, 2023",2348120
Gun Witch,931,250,92,"1 Jan, 2021",,1502790
Smalland: Survive the Wilds,932,6626,83,"15 Feb, 2024","29 Mar, 2023",768200
Endgame of Devil,933,920,88,"9 Apr, 2023",,2343600
Athenian Rhapsody: Thunder Goober's Personality Dungeon,934,144,91,"24 Mar, 2023",,2202710
Lords of the Realm II,935,1456,96,"31 Oct, 1996",,397350
Tower of Kalemonvo,936,285,85,"29 Mar, 2025",,2351860
Princess Remedy in a World of Hurt,937,2863,97,"1 Dec, 2014",,407900
Hand Simulator: Survival,938,7573,86,"17 Dec, 2019",,924140
Wyvia,939,121,95,"19 Oct, 2023",,1579660
Labyrinth of Galleria: The Moon Society,940,428,84,"15 Feb, 2023",,1998340
Ocean's Heart,941,1255,82,"21 Jan, 2021",,1393750
Card Hunter,942,5233,85,"14 Jul, 2015",,293260
Ancestors: The Humankind Odyssey,943,8207,80,"28 Aug, 2020",,536270
Arisen Force: HeroTest,944,339,85,"23 Oct, 2024",,2951840
Command & Conquer™ Generals,945,1439,87,"8 Mar, 2024",,2229870
Succubus Prison,946,123,81,"15 Jul, 2023",,2300920
Zwei: The Arges Adventure,947,322,88,"25 Jan, 2018",,427680
Cattails: Wildwood Story,948,1130,97,"20 Oct, 2023",,1882500
Fortune Summoners,949,765,84,"31 Jan, 2012",,203510
Last Command,950,1880,95,"25 Oct, 2022",,1487270
Knight Bewitched,951,145,92,"18 Apr, 2018",,815150
BLACK BOX LSS - The Shining Immortal,952,1711,98,"20 Oct, 2023",,2434340
SAS: Zombie Assault 4,953,9089,86,"16 Oct, 2017",,678800
DUNGEON RAZE,954,355,84,"3 Jan, 2025",,3281300
Trick & Treat,955,2358,96,"27 Sep, 2016",,497640
BOOK OF HOURS,956,3329,91,"18 Aug, 2023",,1028310
Tina: Swordswoman of the Scarlet Prison,957,473,83,"2 Aug, 2019",,1015770
Choice of Robots,958,1883,96,"20 Dec, 2014",,339350
Fishing Paradiso,959,251,91,"2 Jun, 2022",,1781030
Erenshor,960,906,94,"15 Apr, 2025","15 Apr, 2025",2382520
Princesses Never Lose!,961,389,80,"20 Mar, 2020",,1058060
EverQuest,962,2392,80,"14 Dec, 2012",,205710
Survivalist,963,2125,80,"31 Jan, 2015",,340050
Torchlight,964,5097,90,"28 Oct, 2009",,41500
Xanadu Land,965,1282,91,"18 Jan, 2024","18 Jan, 2024",2258890
Hello Charlotte EP2: Requiem Aeternam Deo,966,1911,97,"8 Oct, 2016",,557630
Silent Storm Gold Edition,967,914,88,"9 Sep, 2004",,254960
Dog Brew,968,1452,97,"1 May, 2024",,2883280
The Legend of Heroes: Trails of Cold Steel II,969,2469,93,"15 Feb, 2018",,748490
Game Master Engine,970,199,80,"9 Mar, 2021","9 Mar, 2021",1451680
Fable - The Lost Chapters,971,6934,92,"20 Dec, 2011",,204030
Borderlands Game of the Year Enhanced,972,15653,83,"31 Aug, 2023",,729040
Fallout 3,973,17051,80,"28 Oct, 2008",,22300
The Legend of Heroes: Trails of Cold Steel III,974,2492,92,"24 Mar, 2020",,991270
像素女友,975,1369,98,"20 Aug, 2020",,1368860
Chinese Parents,976,22014,91,"29 Sep, 2018",,736190
OneBit Adventure,977,617,87,"19 Aug, 2022",,1688320
Alice in the Nightmare Land,978,240,82,"8 Jun, 2024",,2583430
Apostle: Rebellion,979,297,81,"30 Jul, 2022",,1419750
We Who Are About To Die,980,7157,88,"15 Nov, 2022","15 Nov, 2022",973230
The Rangers In The South,981,664,84,"9 Jan, 2025",,3074110
The Life and Suffering of Sir Brante — Chapter 1&2,982,2027,96,"1 Dec, 2020",,1460090
The Test: Secrets of the Soul,983,1472,97,"21 Feb, 2023",,2231890
The Ranch of Rivershine,984,1307,94,"24 May, 2025","12 May, 2023",1559600
DOTOKOI / 像素男友,985,1106,98,"24 Dec, 2019",,1198320
Haven,986,4309,90,"3 Dec, 2020",,983970
The Legend of Heroes: Trails of Cold Steel IV,987,2019,92,"9 Apr, 2021",,1198090
RUINSMAGUS,988,170,80,"8 Jul, 2022",,1701560
Yao-Guai Hunter,989,1716,83,"17 Apr, 2025","3 Apr, 2023",1915510
ATOM RPG Trudograd,990,3643,85,"14 Sep, 2021","12 May, 2020",1139940
Nigudin really fought against Furong Wangyuan,991,1433,97,"31 Dec, 2024",,3378000
Divinity II: Developer's Cut,992,4002,84,"30 Oct, 2012",,219780
Swords and Sandals Classic Collection,993,2537,92,"19 Apr, 2019",,1055430
Demon's Rise - Lords of Chaos,994,142,81,"25 Apr, 2018",,844420
Demons Roots,995,1664,93,"14 Jan, 2023",,1933660
Mega Man Battle Network Legacy Collection Vol. 2,996,439,86,"14 Apr, 2023",,1798020
Magicka,997,18641,85,"26 Jan, 2011",,42910
Sword of the Stars: The Pit,998,1111,83,"21 Feb, 2013",,233700
坦率的小红帽和爱说谎的狼,999,1066,98,"16 Jan, 2020",,1216080
Undernauts: Labyrinth of Yomi,1000,144,86,"5 Nov, 2021",,1570510
失业了，我获得了亿万游戏财产！,1001,2345,87,"8 Aug, 2024",,2875140
Overlord™,1002,4674,94,"26 Jun, 2007",,11450
Shadowrun: Hong Kong - Extended Edition,1003,3430,86,"21 Aug, 2015",,346940
BROK the InvestiGator,1004,840,97,"27 Aug, 2022",,949480
永冻之壳 The Shell of Permafrost,1005,1174,97,"9 Dec, 2018",,976940
Angel Legion,1006,11366,84,"14 Aug, 2020",,1333350
Diablo The Abyss,1007,205,83,"22 Aug, 2023","27 Aug, 2022",1945230
狐の旅路,1008,1483,95,"28 Jan, 2020","19 Nov, 2019",1178050
Heroes of Might & Magic V,1009,3531,87,"23 May, 2006",,15170
Esports Godfather,1010,3519,91,"24 May, 2024",,1278540
Die in the Dungeon,1011,1714,91,"22 Feb, 2025","22 Feb, 2025",2026820
Vangers,1012,1059,96,"19 Jun, 1998",,264080
Dungeons of Blood and Dream,1013,783,95,"11 Nov, 2024","28 May, 2024",2488590
"OH MY GOD, LOOK AT THIS KNIGHT",1014,2089,95,"30 Jan, 2018",,781440
HELLCARD,1015,2796,86,"2 Feb, 2024","17 Feb, 2023",1201540
Alternate DiMansion Diary,1016,460,85,"24 May, 2019",,1015720
Arcanum: Of Steamworks and Magick Obscura,1017,1630,89,"22 Aug, 2001",,500810
The Legend of Heroes: Trails in the Sky the 3rd,1018,1786,94,"4 May, 2017",,436670
Snail Simulator,1019,870,98,"21 Nov, 2023",,1500740
桃色武林,1020,460,81,"6 Dec, 2024",,2421310
Rogue Empire: Dungeon Crawler RPG,1021,339,84,"25 Jan, 2019",,650940
Cthulhu Saves the World,1022,2953,91,"14 Jul, 2011",,107310
My Sticker Book,1023,1304,97,"24 Aug, 2022",,2088270
Mount & Blade: With Fire & Sword,1024,10813,87,"3 May, 2011",,48720
Ara Fell: Enhanced Edition,1025,1721,94,"2 Jun, 2016",,440540
Märchen Forest,1026,336,81,"28 Jan, 2021",,1507720
Battle Chasers: Nightwar,1027,5412,87,"4 Oct, 2017",,451020
BRAVELY DEFAULT II,1028,1495,82,"3 Sep, 2021",,1446650
Out Of Hands,1029,871,94,"22 Apr, 2025",,1839810
Fate/EXTELLA LINK,1030,4028,92,"20 Mar, 2019",,622220
群侠传，启动！,1031,918,95,"16 Sep, 2022",,2098790
Legend of Grimrock 2,1032,2840,91,"15 Oct, 2014",,251730
Project Warlock,1033,3980,87,"7 Dec, 2018",,893680
Golden Treasure: The Great Green,1034,721,96,"17 Jun, 2019",,1065100
Miss Neko: Pirates,1035,1158,83,"22 Mar, 2024",,2695270
深渊与地下城,1036,183,85,"9 May, 2024",,2867410
Disillusion,1037,553,96,"31 Aug, 2021","7 Jan, 2021",1490060
Gedonia,1038,3365,88,"14 Oct, 2022","2 Jun, 2020",1114220
冬日树下的回忆(Memories of the Winter Tree),1039,848,98,"2 Jun, 2023",,2403320
I Am Overburdened,1040,134,86,"3 Nov, 2017",,690560
NOeSIS02_羽化,1041,691,99,"9 Nov, 2021",,1423370
Yaga,1042,520,81,"13 Jan, 2021",,888530
Heroes of the Three Kingdoms 2,1043,1652,93,"13 Nov, 2020",,1437830
GWENT: The Witcher Card Game,1044,26575,85,"19 May, 2020",,1284410
Xuan-Yuan Sword: The Scar of Sky,1045,2129,93,"19 Aug, 2021",,1638220
EVOTINCTION,1046,154,87,"13 Sep, 2024",,2005090
Coral Island,1047,17423,88,"15 Nov, 2023","11 Oct, 2022",1158160
Dungeon of the ENDLESS™,1048,9245,88,"28 Oct, 2014",,249050
Kunoichi Botan,1049,494,80,"4 Jan, 2019",,986020
Rise of Gun,1050,680,87,"26 Mar, 2024","18 Oct, 2023",2319640
Ignited in Cavern,1051,730,95,"12 Apr, 2024",,2738080
RPG Architect,1052,132,92,"20 Jan, 2023","20 Jan, 2023",2158670
Scarlet Tower,1053,1703,82,"26 Mar, 2024","1 Nov, 2022",2181720
NEO Scavenger,1054,4269,89,"16 Dec, 2014",,248860
The Thaumaturge,1055,2875,82,"5 Mar, 2024",,1684350
The Heroes Around Me,1056,593,96,"14 Jun, 2024",,1768470
Public Defense Corp,1057,338,82,"5 Dec, 2020",,1078320
Command & Conquer™ Generals Zero Hour,1058,3955,90,"8 Mar, 2024",,2732960
Starcom: Unknown Space,1059,3118,92,"3 Sep, 2024","15 Dec, 2022",1750770
Vagante,1060,3969,90,"22 Feb, 2018",,323220
Mount & Blade,1061,5112,92,"16 Sep, 2008",,22100
Risen,1062,7099,89,"30 Oct, 2009",,40300
Atelier Sophie 2: The Alchemist of the Mysterious Dream,1063,1961,94,"25 Feb, 2022",,1621310
DFHack - Dwarf Fortress Modding Engine,1064,731,99,"14 Apr, 2023",,2346660
Darksiders™,1065,8114,89,"24 Sep, 2010",,50620
Misty Judgment,1066,528,96,"2 May, 2025","2 May, 2025",3364770
Clam Man 2: Open Mic,1067,441,97,"20 Jun, 2020",,1278360
Evoland 2,1068,1794,88,"25 Aug, 2015",,359310
逝去的回忆3：四叶草之梦,1069,597,96,"16 Aug, 2019",,1109130
Auto Rogue,1070,208,94,"23 May, 2025",,3553210
Trials of Fire,1071,2892,86,"9 Apr, 2021","7 May, 2019",1038370
Minoria,1072,1711,83,"27 Aug, 2019",,940910
The Treehouse Man,1073,123,86,"14 Feb, 2019",,841660
Black Skylands,1074,2460,82,"16 Aug, 2023","10 Jul, 2021",1143810
Thymesia,1075,7113,84,"19 Aug, 2022",,1343240
The Lar,1076,1062,95,"10 Jun, 2019",,1084570
Aooni The Horror of Blueberry Onsen,1077,169,81,"2 May, 2025",,3388870
Evoland,1078,4478,83,"5 Apr, 2013",,233470
Atelier Ryza 3: Alchemist of the End & the Secret Key,1079,1754,91,"24 Mar, 2023",,1999770
Gordian Quest,1080,5042,89,"24 Jun, 2022","27 Mar, 2020",981430
Legend Creatures(传奇生物),1081,3757,90,"31 Mar, 2020","31 Mar, 2020",1191840
The Advisor - Episode 1: Royal Pain,1082,580,97,"1 Jun, 2021",,1601680
Lootun,1083,708,94,"14 May, 2024","31 Aug, 2022",1960270
Anarchy Online,1084,268,82,"27 Jun, 2001",,396280
Sorry We're Open,1085,114,95,"18 Feb, 2023",,2161450
The Hex,1086,3942,94,"17 Oct, 2018",,510420
Star Traders: Frontiers,1087,3481,83,"1 Aug, 2018",,335620
灾厄黑龙与谎言公主,1088,2691,90,"23 Jan, 2025",,2850190
GRANDIA HD Remaster,1089,1464,90,"16 Oct, 2019",,1034860
Eastern Exorcist,1090,6046,84,"8 Jul, 2021","14 Aug, 2020",1120810
Final Fantasy III (3D Remake),1091,2772,82,"28 May, 2014",,239120
Aurion: Legacy of the Kori-Odan,1092,125,82,"14 Apr, 2016",,368080
Rebuild 3: Gangs of Deadsville,1093,1395,86,"30 May, 2015",,257170
Himno,1094,5768,91,"27 Apr, 2019",,931690
Darksiders Genesis,1095,9302,82,"6 Dec, 2019",,710920
Epic Conquest 2,1096,389,84,"20 Apr, 2020","20 Apr, 2020",1235360
Rising Star 2,1097,549,94,"13 Aug, 2020",,1235110
夏末白夜,1098,184,96,"22 Jan, 2025",,2538910
Jack Move,1099,671,80,"9 Sep, 2022",,1099640
Hand of Fate,1100,7912,89,"17 Feb, 2015",,266510
Castle Craft,1101,210,90,"29 Apr, 2025","29 Apr, 2025",2086680
The Heart of Influencer,1102,209,93,"28 Apr, 2025",,3562530
Firefighter Connor,1103,409,91,"30 Apr, 2024",,2384920
PRODUCER 2021,1104,157,100,"14 Nov, 2022",,1667320
Charming Hearts,1105,442,88,"14 Jun, 2024",,2817140
Cyber Manhunt,1106,13690,93,"3 Feb, 2021","24 Aug, 2020",1216710
GRANDIA II HD Remaster,1107,2298,85,"24 Aug, 2015",,330390
Atelier Ryza 2: Lost Legends & the Secret Fairy,1108,2975,90,"26 Jan, 2021",,1257290
RPG Maker VX Ace,1109,3080,94,"11 Dec, 2012",,220700
Ooblets,1110,1251,91,"5 Oct, 2023",,593150
Reigns,1111,7314,87,"11 Aug, 2016",,474750
Dragon Cliff,1112,7308,89,"11 May, 2018",,758190
Dread Delusion,1113,3704,90,"15 May, 2024","16 Jun, 2022",1574240
Crimsonland,1114,2005,94,"12 Jun, 2014",,262830
Kingdom: Classic,1115,22070,90,"22 Oct, 2015",,368230
Etrian Odyssey II HD,1116,185,80,"14 Jun, 2023",,1868170
RPG Maker XP,1117,1061,93,"16 Sep, 2005",,235900
Going Medieval,1118,14717,89,"1 Jun, 2021","1 Jun, 2021",1029780
HIVESWAP: ACT 1,1119,3037,94,"15 Sep, 2017",,623940
MareQuest: An Interactive Tail,1120,165,100,"15 Sep, 2023",,2391870
Heroes of the Three Kingdoms 7,1121,2697,80,"13 Nov, 2020",,1437880
Quasimorph,1122,3806,81,"3 Oct, 2023","3 Oct, 2023",2059170
Terminator: Resistance,1123,14514,91,"15 Nov, 2019",,954740
Overlord II,1124,3697,89,"23 Jun, 2009",,12810
Winds of Change,1125,523,95,"22 Aug, 2019",,594130
Child of Light,1126,11844,91,"30 Apr, 2014",,256290
Realm of Ink,1127,2565,92,"27 Sep, 2024","27 Sep, 2024",2597080
Tokyo Xtreme Racer,1128,10862,94,"23 Jan, 2025","23 Jan, 2025",2634950
Hard West 2,1129,2418,81,"5 Aug, 2022",,1282410
The Scourge | Tai Ương,1130,522,92,"23 Oct, 2024","23 Oct, 2024",2456350
Touhou Monster TD ~ 幻想乡妖怪塔防,1131,851,90,"2 Oct, 2021",,1671350
Pray Game,1132,496,90,"23 Sep, 2023",,1551530
Adventure Land - The Code MMORPG,1133,122,86,"28 Jan, 2019","29 Jan, 2019",777150
求闻编年史 ～ Gensokyo Recollection,1134,186,98,"23 Aug, 2022","23 Aug, 2022",2109010
Sacred Gold,1135,3654,84,"14 Aug, 2006",,12320
Book of Demons,1136,8054,91,"14 Dec, 2018",,449960
Soulestination,1137,569,91,"6 Jan, 2021",,1477330
川建国同志想要连任/Comrade Trump's Re-election,1138,1165,89,"11 Sep, 2020",,1375870
Trainee Death Simulator,1139,1475,93,"13 Nov, 2024",,3188550
Merchant of the Six Kingdoms,1140,164,93,"27 Jun, 2023",,2274480
AKIBA'S TRIP: Undead ＆ Undressed,1141,3005,84,"27 May, 2015",,333980
BATTLETECH,1142,21743,83,"25 Apr, 2018",,637090
SpellForce 3 Fallen God,1143,1237,87,"4 Nov, 2020",,1154040
Monster Hunter Stories,1144,662,90,"14 Jun, 2024",,2356560
Dead Age,1145,4312,83,"14 Jul, 2016",,363930
Wintermoor Tactics Club,1146,500,88,"6 May, 2020",,917840
Best Served Cold,1147,175,89,"5 May, 2025",,3218530
Heroes of Might & Magic V: Tribes of the East,1148,2696,92,"16 Oct, 2007",,15370
Exposed Livestream,1149,209,81,"12 Apr, 2025",,3304770
Kriegsfront Tactics - Prologue,1150,428,94,"17 Jul, 2024",,2851820
SteamWorld Quest: Hand of Gilgamech,1151,1735,87,"31 May, 2019",,804010
Learn Japanese To Survive! Hiragana Battle,1152,1723,91,"17 Feb, 2016",,438270
EBOLA VILLAGE,1153,191,85,"14 May, 2025",,2306030
Love is All Around: Echoes of Yesterday,1154,1483,81,"23 Oct, 2024",,3099660
Sairento VR,1155,1437,86,"6 Feb, 2018",,555880
Fairy Fencer F Advent Dark Force,1156,2058,85,"14 Feb, 2017",,524580
Desktop Dungeons,1157,1117,88,"19 Apr, 2023",,226620
Orcs Must Die! 2,1158,12673,92,"31 Jul, 2012",,201790
Six Ages 2: Lights Going Out,1159,138,97,"21 Aug, 2023",,2278010
Border Town,1160,180,90,"23 Jan, 2025","23 Jan, 2025",1967820
The Banner Saga 3,1161,2407,80,"27 Jul, 2018",,485460
Griftlands,1162,13043,93,"2 Jun, 2021","15 Jun, 2020",601840
M.A.S.S. Builder,1163,3526,87,"14 Sep, 2019","14 Sep, 2019",956680
Bastard Bonds,1164,749,88,"29 Apr, 2016",,486720
Bounty of One,1165,2490,88,"9 Sep, 2023","19 Aug, 2022",1968730
Peripeteia,1166,1129,90,"22 Feb, 2025","22 Feb, 2025",1437760
Superdimension Neptune VS Sega Hard Girls,1167,851,93,"12 Jun, 2017",,571530
Alien Shooter 2: Reloaded,1168,2227,92,"14 Mar, 2009",,33120
Yolk Heroes: A Long Tamago,1169,645,92,"21 May, 2024",,2417850
Brave Alchemist Colette,1170,885,89,"28 Apr, 2020",,1135830
Sorry! I surrounded beauty!,1171,223,87,"11 Apr, 2025",,3193670
Crazy Flasher Series 2021,1172,2525,88,"25 Feb, 2021",,1540150
Magic Rampage,1173,1448,94,"25 May, 2022","16 May, 2020",704920
The Caligula Effect 2,1174,387,91,"23 Jun, 2022",,1933740
SanctuaryRPG: Black Edition,1175,1011,92,"14 Feb, 2015",,328760
I've Fallen For You!,1176,664,90,"16 Oct, 2024",,2754690
Love n Life: Lucky Teacher,1177,1019,91,"31 Jan, 2024",,2445340
Learn Japanese RPG: Hiragana Forbidden Speech,1178,201,98,"14 Dec, 2023","21 Oct, 2022",1114950
Johnny Rocketfingers Complete Game Collection!,1179,131,96,"10 Jun, 2023",,2429760
The Council,1180,5328,83,"14 Mar, 2018",,287630
The Pilgrim,1181,138,94,"6 Jun, 2019",,1132880
Hellsplit: Arena,1182,3644,85,"10 Sep, 2019",,1039880
Dungeon Keeper Gold™,1183,447,93,"8 Mar, 2024",,1996630
Wishful Journey:Love Across Time,1184,430,90,"25 Apr, 2024",,2867510
Dungeon Village 2,1185,528,86,"15 May, 2023",,1983710
"Horticular: Build a Garden, Attract Wildlife",1186,315,91,"12 Jul, 2024",,1928540
Alpha League HD,1187,880,89,"14 Feb, 2025",,3471350
My Lands: Black Gem Hunting,1188,3306,83,"17 Sep, 2014",,290730
Crystalline,1189,1257,94,"22 Aug, 2018",,616250
Sword and Fairy 2,1190,1103,88,"1 Jan, 2003",,1538460
Goobies,1191,1729,91,"15 Jul, 2023",,2294130
Jagged Alliance 1: Gold Edition,1192,153,95,"2 Jun, 1994",,283270
ANNO: Mutationem,1193,5330,80,"17 Mar, 2022",,1368030
Vanishing Realms™,1194,2485,90,"24 Aug, 2019",,322770
Crashlands 2,1195,1449,86,"11 Apr, 2025",,1401730
Santhai,1196,126,88,"13 Jan, 2022",,1812930
FATE: The Traitor Soul,1197,502,93,"9 Sep, 2009",,303680
Sakura Dungeon,1198,1362,91,"4 Jun, 2016",,407330
Breath of Death VII,1199,1259,83,"14 Jul, 2011",,107300
WitchSpring3 Re:Fine - The Story of Eirudy -,1200,1078,93,"2 Nov, 2021",,1592520
The Secret of Darkwoods,1201,111,90,"28 Mar, 2023",,2271590
Love n War: Warlord by Chance,1202,1270,86,"28 May, 2021",,1508680
Cosmic Star Heroine,1203,752,90,"12 Apr, 2017",,256460
Ancient Enemy,1204,373,89,"9 Apr, 2020",,993790
E.Y.E: Divine Cybermancy,1205,6041,84,"30 Jul, 2011",,91700
花火与幽灵少女 - Hanabi and Ghost girl,1206,405,98,"22 Feb, 2025",,2302540
Duck Life 4,1207,224,91,"8 Mar, 2013",,1461200
Helen's Mysterious Castle,1208,809,93,"18 Mar, 2016",,418190
Blade of Darkness,1209,2118,91,"8 Oct, 2021",,1710170
Heroes of the Three Kingdoms 3,1210,684,86,"13 Nov, 2020",,1437840
GOD EATER 2 Rage Burst,1211,3349,80,"29 Aug, 2016",,438490
LAST EMBRYO -EITHER OF BRAVE TO STORY-,1212,561,93,"28 Nov, 2020",,1462650
相亲攻略之宝贝别再选我了,1213,269,86,"12 Jul, 2024",,2958700
False Myth,1214,474,89,"20 Feb, 2021",,1257200
The Banner Saga 2,1215,3020,90,"20 Apr, 2016",,281640
NEOVERSE,1216,2861,84,"19 Feb, 2020","10 Jan, 2019",994220
Space Wreck,1217,152,90,"11 Oct, 2023","5 Dec, 2022",1063540
SWORN,1218,2038,82,"7 Feb, 2025","7 Feb, 2025",1763250
Forgotten Realms: The Archives - Collection Two,1219,211,89,"30 Mar, 2022",,1882280
You Will Die Here Tonight,1220,446,93,"1 Nov, 2023",,1446350
Dungeon 100,1221,1516,82,"11 Aug, 2023","25 Nov, 2022",1711610
Mosaique Neko Waifus 3,1222,1824,94,"28 Aug, 2020",,1385730
Sovereign Syndicate,1223,356,82,"15 Jan, 2024",,1674920
水母之夜,1224,105,99,"14 Aug, 2023",,2527350
Seablip,1225,861,84,"17 May, 2024","17 May, 2024",1471270
Geneforge 1,1226,317,93,"1 Dec, 2001",,200960
Thirsty Suitors,1227,181,97,"3 Nov, 2023",,1617220
Franzen,1228,136,97,"14 Sep, 2023",,2572340
Mr. Saitou,1229,423,95,"24 Mar, 2023",,628740
Dragon Ruins,1230,225,93,"30 Apr, 2024",,2929540
Monster Girls and the Mysterious Adventure,1231,133,87,"18 Jan, 2020","11 Feb, 2020",1229260
UNSIGHTED,1232,1578,92,"1 Oct, 2021",,1062110
Fallen Hero: Retribution,1233,368,97,"2 Feb, 2023",,1343810
Kaori After Story,1234,412,98,"3 Dec, 2018",,979600
Atelier Lydie & Suelle ~The Alchemists and the Mysterious Paintings~,1235,447,91,"27 Mar, 2018",,756590
Rogue Legacy,1236,15544,92,"28 Jun, 2013",,241600
Aliens: Fireteam Elite,1237,19649,80,"24 Aug, 2021",,1549970
And the Hero Was Never Seen Again,1238,286,89,"10 Feb, 2024",,2582660
יום פתוח (Open Day),1239,215,99,"23 Jun, 2022",,1029650
I live under your house.,1240,254,85,"1 Nov, 2022",,2105660
The Escapists,1241,14162,90,"14 Feb, 2015",,298630
Monica's Newlywed Life,1242,124,89,"7 Sep, 2024",,2350310
Weird and Unfortunate Things Are Happening,1243,148,97,"6 Feb, 2023",,2274410
他人世界末 On-looker,1244,2584,94,"11 Jul, 2020",,1225780
Portal Knights,1245,16366,83,"19 May, 2017",,374040
轮回修仙路,1246,2637,82,"20 Jun, 2023","2 Dec, 2022",1993150
WolfQuest: Classic,1247,1383,91,"17 Nov, 2015",,431180
Nine-Tailed Okitsune Tale,1248,229,96,"22 May, 2023",,2348650
Heaven Dust,1251,546,91,"27 Feb, 2020",,1032590
TRATRITLE,1252,727,92,"16 Jul, 2022",,1731200
Byakuya Museum,1253,600,94,"26 May, 2023",,2399910
Increlution,1254,1119,86,"13 Oct, 2021","13 Oct, 2021",1593350
Jimmy and the Pulsating Mass,1255,478,93,"8 Aug, 2018",,706560
Full Metal Furies,1256,2022,91,"17 Jan, 2018",,416600
The Bloodline,1257,3057,82,"5 Oct, 2023","5 Oct, 2023",1159290
Snow-Swept Quest,1258,278,89,"1 May, 2021",,1585540
Mutant Year Zero: Road to Eden,1259,12793,90,"5 Dec, 2018",,760060
Vigil: The Longest Night,1260,3036,86,"15 Oct, 2020",,720560
黑色花与红山羊 / Black Datura & Red Goat,1261,490,96,"21 Aug, 2020",,1306750
White Mourning: Museum In Pale,1262,269,97,"18 Dec, 2022",,2197490
灵墟,1263,890,86,"18 Apr, 2023","8 Jul, 2022",1986010
Eon Altar,1264,569,86,"23 Jun, 2016",,382050
欺神弄鬼,1265,431,91,"26 Mar, 2025","26 Mar, 2025",2697490
WhiteLily 2：梦醒少女,1266,169,98,"6 Nov, 2020",,1286330
Ghost of a Tale,1267,3869,91,"13 Mar, 2018",,417290
Ova Magica,1268,398,93,"23 Jul, 2024","23 Jul, 2024",1299170
Monsters' Den: Book of Dread,1269,223,94,"1 Jun, 2008",,502230
Sparkling Memories,1270,131,86,"28 Oct, 2022",,1787120
Final Profit: A Shop RPG,1271,418,96,"7 Mar, 2023",,1705140
Starcom: Nexus,1272,2059,90,"13 Dec, 2019","13 Dec, 2018",863590
Into the Nightmare,1273,165,90,"3 Dec, 2022",,1551560
Clash: Artifacts of Chaos,1274,855,93,"9 Mar, 2023",,1430680
YIIK Nameless Psychosis,1275,732,92,"5 Apr, 2024",,2863840
Half Minute Hero: Super Mega Neo Climax Ultimate Boy,1276,992,88,"28 Sep, 2012",,214830
Ikenfell,1277,661,92,"9 Oct, 2020",,854940
Grim Quest - Old School RPG,1278,126,92,"2 Apr, 2022",,1918130
Nocturne: Prelude,1279,397,96,"4 Mar, 2020",,883590
网瘾少年2005 Internet addicted youth 2005,1280,396,96,"3 Oct, 2023",,2461780
Darksiders Warmastered Edition,1281,11594,87,"30 Nov, 2016",,462780
RPG Developer Bakin,1282,266,84,"18 Oct, 2022","18 Oct, 2022",1036640
Eternal Edge+ Prologue,1283,2003,90,"6 May, 2022",,1959480
Kowloon's Curse: Lost Report,1284,211,94,"23 Mar, 2023",,1161640
FIGHT KNIGHT,1285,1317,92,"1 Dec, 2021",,792120
DeathSpank,1286,636,94,"26 Oct, 2010",,18040
Lilitales,1287,579,87,"11 Oct, 2019",,1141100
Shiner,1288,165,90,"18 Mar, 2023",,2338850
Cavalry Girls,1289,1562,88,"21 Oct, 2023",,2055050
Underhero,1290,664,91,"19 Sep, 2018",,573320
The Vale: Shadow of the Crown,1291,300,97,"19 Aug, 2021",,989790
子夜之章:历史的终局～MidNights of Desperado～,1292,258,98,"12 Mar, 2021",,1209770
羽翼的祈愿 - Feather Of Praying,1293,252,96,"7 Jun, 2018",,869840
SpellForce 3 Soul Harvest,1294,1914,84,"29 May, 2019",,817540
Baten Kaitos I & II HD Remaster,1295,152,88,"18 Jun, 2024",,2146170
Yusetsu,1296,1151,88,"30 Sep, 2022",,1956600
Death's Gambit: Afterlife,1297,4059,81,"14 Aug, 2018",,356650
Bear's Restaurant,1298,555,94,"7 Oct, 2021",,1687550
The friends of Ringo Ishikawa,1299,2596,89,"17 May, 2018",,846110
Savara,1300,317,90,"6 May, 2025",,3021630
Dungeon Antiqua,1301,262,89,"10 Oct, 2024",,3198540
永远消失的幻想乡 ～ The Disappearing of Gensokyo,1302,2966,84,"11 Jan, 2018",,776490
月球坠落时 Moon Fall,1303,887,88,"25 Aug, 2020","31 Aug, 2019",1092400
Splintered,1304,104,96,"22 Mar, 2025","22 Mar, 2025",3127000
Soccer Kids Alpha,1305,291,94,"27 Jun, 2023",,2403430
Thronebreaker: The Witcher Tales,1306,14555,89,"10 Nov, 2018",,973760
Dungeon Dreams,1307,206,92,"21 Feb, 2019",,1010670
Gauntlet™ Slayer Edition,1308,6406,81,"24 Sep, 2014",,258970
Quest Hunter,1309,1977,81,"8 Mar, 2019",,487000
Motesolo : No Girlfriend Since Birth,1310,978,85,"10 Jun, 2021","30 Dec, 2020",1414180
Astronarch,1311,804,90,"23 Jan, 2021","31 Mar, 2020",1234940
Doggone Hungry,1312,329,93,"2 Aug, 2021",,1563490
Romancing SaGa -Minstrel Song- Remastered,1313,268,86,"2 Dec, 2022",,1793030
Doom & Destiny Advanced,1314,395,90,"16 Nov, 2016",,361040
My Holiday,1315,174,96,"22 Aug, 2018",,904320
Cradle of Nightmare : Flowers to you,1316,340,92,"15 Feb, 2025",,3469850
A Work of Art,1317,324,95,"15 Oct, 2024",,3027780
Undead Horde,1318,1086,86,"15 May, 2019","6 Mar, 2019",790850
Cthulhu Saves Christmas,1319,263,90,"24 Dec, 2019",,1057540
Star Knightess Aura,1320,120,90,"8 Feb, 2025",,1827650
SAND LAND,1321,877,88,"26 Apr, 2024",,1979440
Hero Zero - Multiplayer RPG,1322,3698,82,"6 Jul, 2016",,482920
大科学家,1323,223,93,"13 Jan, 2025",,2403340
Halls of Torment: Prelude,1324,1365,93,"10 Mar, 2023",,2316660
Pixel Dungeon,1325,406,88,"30 May, 2015",,365900
The Mageseeker: A League of Legends Story™,1326,2295,84,"19 Apr, 2023",,1457080
Skeletal Avenger,1327,154,82,"29 Sep, 2021","28 Apr, 2021",1277500
fox soldier,1328,199,98,"15 Apr, 2022",,1076130
Rune Coliseum,1329,668,87,"24 Sep, 2024","24 Sep, 2024",2360210
Alpha Protocol™,1330,3262,83,"28 May, 2010",,34010
Heroes of the Three Kingdoms 5,1331,213,84,"13 Nov, 2020",,1437860
The Horror at Highrook,1332,226,92,"2 May, 2025",,2836860
Just King,1333,1323,91,"19 Dec, 2023","22 Jul, 2022",1059980
Crystal Story II,1334,301,95,"7 Feb, 2015",,344860
4.1.60Co,1335,143,86,"6 Jul, 2024",,2894980
Oyabu Clinic Deathcare Corporation,1336,193,94,"2 Sep, 2023",,2227450
Knights of Pen and Paper 2,1337,2274,88,"20 Oct, 2015",,310060
冷血症骰子,1338,271,91,"1 Oct, 2020",,1401220
Remyadry,1339,530,88,"10 Jul, 2018",,867490
Void Sols,1340,268,97,"13 Nov, 2024",,2736690
Schism,1341,104,98,"8 Mar, 2025","12 Dec, 2023",2084300
PP,1342,136,88,"8 Aug, 2023",,2525680
The Dawning Letters -Sunrise-,1343,124,98,"2 Feb, 2025",,2689440
凯尔文 - Kelvin And The Chateau,1344,490,89,"6 Aug, 2021",,1561910
Mind Scanners,1345,825,81,"20 May, 2021",,1389550
Monomyth,1346,428,92,"4 Oct, 2024","4 Oct, 2024",908360
Ethereal Enigma,1347,423,93,"22 Aug, 2020","2 Aug, 2019",1069760
Sword and Fairy 3,1348,1691,83,"15 Apr, 2021",,1536070
Lucah: Born of a Dream,1349,387,94,"22 Aug, 2018",,896460
Insect Swarm,1350,2175,84,"12 Sep, 2024","1 Jun, 2022",1999170
Shadowhand: RPG Card Game,1351,655,81,"8 Dec, 2017",,427490
Swords 'n Magic and Stuff,1352,832,92,"9 Sep, 2020","9 Sep, 2020",810040
Skyborn,1353,547,88,"22 Feb, 2014",,278460
Shenmue I & II,1354,1929,90,"21 Aug, 2018",,758330
Anode Heart,1355,349,89,"17 Nov, 2023",,1592750
Eschalon: Book I,1356,371,86,"17 Nov, 2007",,25600
Tunguska: The Visitation - Enhanced Edition,1357,1279,87,"5 Jun, 2021",,1601970
Prodigal,1358,410,92,"16 Oct, 2020",,1393820
Heroes of Might & Magic V: Hammers of Fate,1359,325,86,"14 Nov, 2006",,15380
King's Bounty: Armored Princess,1360,982,91,"19 Nov, 2009",,3170
Arcanium: Rise of Akhan,1361,663,80,"8 Dec, 2020","9 Dec, 2020",1056840
Xuan-Yuan Sword: Mists Beyond the Mountains,1362,920,82,"26 Jul, 2023",,1638230
幻现的花海 - Sea of Phantom Flowers,1363,155,97,"28 Jan, 2024",,2563340
MY DESTINY GIRLS,1364,569,85,"29 Mar, 2024",,2766860
Shadows of Adam,1365,205,87,"24 Feb, 2017",,506510
LIVE A LIVE,1366,556,85,"28 Apr, 2023",,2014380
Taora : Beginning,1367,2153,87,"9 Dec, 2023",,2594640
場外人生,1368,308,89,"7 Aug, 2019","7 Aug, 2019",1120370
Methods: The Detective Competition,1369,546,91,"2 Jun, 2020",,1271300
Nevergrind Online,1370,1168,87,"12 Jul, 2024","10 Jun, 2022",853450
Cloudpunk,1371,12912,88,"24 Apr, 2020",,746850
"Flashing Lights - Police, Firefighting, Emergency Services (EMS) Simulator",1372,14480,81,"16 May, 2023","8 Jun, 2018",605740
Trinity Fusion,1373,580,88,"15 Dec, 2023","14 Apr, 2023",1911360
River City Girls 2,1374,1333,85,"15 Dec, 2022",,1920480
你已经猜到结局了吗,1375,336,92,"15 Jul, 2022",,1788850
MINDNIGHT,1376,2987,84,"5 Aug, 2017",,667870
Otaku's Adventure,1377,7605,94,"20 May, 2019",,937170
"Yes, Your Grace",1378,10236,87,"7 Mar, 2020",,1115690
Touhou Shoujo Tale of Beautiful Memories / 東方少女綺想譚,1379,179,93,"23 Aug, 2019",,1124060
Bound by Love,1380,565,83,"8 Jan, 2022",,1770390
Hollow Survivors: Prologue,1381,503,93,"24 Jul, 2024",,2909680
Vampire: The Masquerade - Heartless Lullaby,1382,326,81,"22 Apr, 2022",,1926120
Regions Of Ruin,1383,1921,85,"5 Feb, 2018",,680360
Magical Girl Konoha,1384,231,83,"8 Mar, 2025",,2529520
ENDLESS™ Legend,1385,14141,84,"19 Sep, 2014",,289130
Subway Exorcist Girl,1386,204,83,"25 Jan, 2025",,3263210
Free Stars: The Ur-Quan Masters,1387,342,97,"20 Feb, 2024",,2645580
Hand of Fate 2,1388,5147,84,"8 Nov, 2017",,456670
Waifu App: 90 Days to Escape a Lonely Fate,1389,116,87,"5 Apr, 2025",,3329420
Atelier Marie Remake: The Alchemist of Salburg,1390,254,89,"13 Jul, 2023",,2138090
Taboo Trial,1391,1568,84,"1 Aug, 2023",,2455060
黄毛漂流记,1392,1519,89,"5 Feb, 2024",,2535770
Worlds of Aria,1393,181,91,"24 Sep, 2024",,1866980
Internet Cafe & Supermarket Simulator 2024,1394,806,81,"13 Sep, 2024","17 May, 2024",2738380
第五件遗留物,1395,374,89,"9 Feb, 2021",,1461680
This Way Madness Lies,1396,131,90,"11 Nov, 2022",,1318970
Monster Stalker: Prologue,1397,125,89,"15 Dec, 2022",,1936710
Everything,1398,3075,83,"21 Apr, 2017",,582270
UnderMine,1399,8516,91,"6 Aug, 2020","21 Aug, 2019",656350
Sir Whoopass™: Immortal Death,1400,1197,84,"18 Aug, 2022",,1240590
Sanfu,1401,16153,82,"28 Jul, 2023",,1880330
Sword and Fairy 5 prequel,1402,133,86,"18 Jun, 2021",,1545290
The Edge of Allegoria,1403,131,90,"5 Dec, 2024",,1870700
moon: Remix RPG Adventure,1404,241,92,"16 Dec, 2021",,1714580
Age of Wonders Shadow Magic,1405,501,89,"13 Oct, 2010",,61520
The Elder Scrolls: Arena,1406,2137,81,"27 Apr, 2022",,1812290
FATE: Undiscovered Realms,1407,312,87,"8 Aug, 2008",,276890
ALAA-MOGUS MUST DIE,1408,308,97,"1 Feb, 2024",,2777230
Midnight Ramen,1409,214,98,"24 Jul, 2024",,2543030
The Girl's Moving Castle,1410,157,86,"25 Mar, 2025",,2850220
Blades of Jianghu: Ballad of Wind and Dust,1411,406,83,"28 Apr, 2023",,2179300
Citizen Sleeper,1412,6506,93,"5 May, 2022",,1578650
Sheryl ~The Alchemist of the Island Ruins~,1413,194,81,"20 Apr, 2024",,2787300
Bladed fury,1414,2883,86,"18 Dec, 2018",,927250
Dragon Throne: Battle of Red Cliffs,1415,163,82,"6 Jan, 2024",,2633500
Fantasy of Caocao 2,1416,276,84,"2 Nov, 2023",,1913420
Svarog's Dream,1417,658,89,"4 Dec, 2023",,2004640
YIIK: A Postmodern RPG,1418,900,80,"17 Jan, 2019",,459080
Familiar Friends: What's Your Familiar?,1419,165,93,"12 Nov, 2024",,3030260
Springblades,1420,123,91,"26 Nov, 2022",,2222200
Heroes of the Three Kingdoms 6,1421,160,82,"13 Nov, 2020",,1437870
Void Pyramid,1422,153,94,"6 Dec, 2016",,563430
Arx Fatalis,1423,2069,87,"12 Nov, 2002",,1700
Exiled Kingdoms,1424,952,90,"24 Feb, 2018",,788270
Girls of The Tower,1425,543,85,"23 Feb, 2024",,2688680
Einlanzer,1426,132,90,"2 Mar, 2017",,553760
Airtight City 密闭之城1.0,1427,385,96,"9 Jul, 2021","9 Jul, 2021",1095260
The Legend of Heroes: Sen no Kiseki IV -THE END OF SAGA-,1428,301,86,"23 Dec, 2021",,1457510
Ouroboros,1429,131,93,"2 Nov, 2016",,822830
Atelier Firis: The Alchemist and the Mysterious Journey / フィリスのアトリエ ～不思議な旅の錬金術士～,1430,552,82,"8 Mar, 2017",,527290
书之旅人 Story Walker,1431,169,95,"13 Aug, 2022",,2101220
Black Ice,1432,507,94,"10 Jul, 2014",,311800
Pit People®,1433,7309,92,"2 Mar, 2018",,291860
The RPG Engine,1434,290,83,"8 Sep, 2023","7 Jan, 2022",1818180
The Heart of Darkness,1435,256,85,"16 Apr, 2022",,1413990
The Quest,1436,473,87,"20 Feb, 2016",,428880
Halluci-Sabbat of Koishi,1437,592,91,"30 Sep, 2024","7 Jan, 2022",1684100
Rum & Gun,1438,327,92,"27 Aug, 2024","2 May, 2020",1210800
Keeper's Toll,1439,445,91,"28 Oct, 2024","3 May, 2023",2002220
The Scarlet Demonslayer,1440,343,84,"10 Dec, 2022",,2123140
Devil Spire,1441,357,92,"2 Feb, 2022",,1861290
Ignis Universia: Eternal Sisters Saga DX,1442,228,92,"8 Dec, 2020",,694060
Lolita Expedition,1443,191,89,"15 Jan, 2022","15 Jan, 2022",1687940
硬币与仙人掌 (Coins & Wishpalm),1444,349,80,"10 Jan, 2025",,2529540
Six Ages: Ride Like the Wind,1445,424,81,"18 Oct, 2019",,881420
MEGATON MUSASHI W: WIRED,1446,628,80,"25 Apr, 2024",,2450450
Mandemon,1447,329,88,"2 Aug, 2023",,2497610
小白兔电商~Bunny e-Shop,1448,9115,94,"12 Nov, 2021",,1111460
Lights and Shadow,1449,204,80,"9 Apr, 2025",,3597690
天降锦鲤 ~ My Lucky Koi,1450,242,93,"17 Nov, 2019",,1184420
Spellsworn,1451,1470,89,"13 Mar, 2018",,360620
Nebel Geisterjäger ~ The First Lamb,1452,207,86,"22 Dec, 2023",,2644010
Tyrant's Realm,1453,727,86,"16 Jan, 2025",,2259260
EvilQuest,1454,514,90,"21 Feb, 2014",,263820
Syn-Chorus 01: The New Life,1455,224,91,"12 Feb, 2025","12 Feb, 2025",2730530
System Shock® 2 (Classic),1456,6100,94,"11 Aug, 1999",,238210
PropHunter,1457,681,82,"7 Aug, 2021","7 Aug, 2021",1682050
SAELIG,1458,891,84,"1 Jul, 2017",,612720
Omensight: Definitive Edition,1459,1149,88,"16 May, 2018",,455820
Shape Shifter: Formations,1460,205,91,"27 May, 2025","29 Sep, 2023",2202590
The Wind and Wilting Blossom,1461,161,94,"12 Dec, 2020","29 Apr, 2020",686770
Voice of Cards: The Isle Dragon Roars,1462,1191,80,"29 Oct, 2021",,1113570
Princess&Blade,1463,1268,82,"27 Jan, 2025","8 Jul, 2021",1639430
The Kotonoha Sisters and the Legend of Lysant Island,1464,134,94,"4 Jun, 2021",,1569180
Ken ga Kimi: Momoyo Tsuzuri,1465,161,86,"16 Dec, 2020",,1387350
Coffin of Ashes,1466,759,91,"9 Dec, 2016",,546080
My Cat Girl Lover,1467,217,90,"15 Aug, 2022",,2018640
NOeSIS Ⅱ-人间无常「正式版」,1468,169,97,"26 Feb, 2023","5 Jun, 2021",1625230
Makai Kingdom: Reclaimed and Rebound,1469,132,87,"11 May, 2022",,1732060
Catgirl,1470,174,99,"24 May, 2025",,3569430
Kozue's Strange Journey,1471,208,86,"7 Aug, 2020",,1269820
Frost,1472,121,90,"5 Jul, 2016",,490950
Learn Japanese To Survive! Katakana War,1473,420,93,"31 Jan, 2017",,554600
Silver,1474,767,92,"31 Aug, 1999",,606680
Island SAGA,1475,287,86,"19 May, 2020",,1150730
Red Line,1476,131,98,"20 Jul, 2023",,2143050
Dragon Creek,1477,128,87,"3 May, 2021","30 Jan, 2021",1495420
Holy Shit,1478,276,86,"27 May, 2022",,1993910
Virtua Unlimited Project,1479,261,89,"25 Apr, 2024",,1934030
Last Dream,1480,427,84,"13 Mar, 2014",,266230
Exanima,1481,11192,82,"30 Apr, 2015",,362490
White Lavender,1482,205,92,"21 Jun, 2022",,1975670
UndercoverAgent,1483,912,81,"10 Jul, 2021",,1648590
Monmusu Gladiator,1484,167,95,"15 Jul, 2021",,1660290
FAREWELL SEN,1485,163,94,"29 Oct, 2022",,2025650
Lunar Mirror:The Pavilion of Desire,1486,1158,82,"4 Mar, 2023",,2157680
Slay the Minotaur,1487,175,93,"23 Feb, 2024",,2510850
To Be or Not to Be,1488,7287,89,"9 Dec, 2022",,2190290
Rainbow Billy: The Curse of the Leviathan,1489,133,91,"5 Oct, 2021",,1106830
Frogsong,1490,168,95,"11 Jun, 2023",,1281860
Soda Dungeon,1491,6158,94,"7 Feb, 2017",,564710
STORY OF SEASONS: Friends of Mineral Town,1492,4858,93,"15 Jul, 2020",,978780
Leanna's Slice of Life,1493,744,82,"8 Mar, 2019",,1013870
Coridden,1494,301,89,"30 Jan, 2025",,1656930
RaiOhGar: Asuka and the King of Steel,1495,305,82,"15 May, 2020",,1163070
Tomoyo After ~It's a Wonderful Life~ English Edition,1496,599,90,"2 Jul, 2016",,462990
Penny Arcade's On the Rain-Slick Precipice of Darkness 4,1497,362,80,,,237570
Metal Unit,1498,1968,81,"28 Jan, 2021","4 Feb, 2020",1173200
Summoner,1499,428,85,"19 Mar, 2001",,275570
Barbaria,1500,130,94,"10 Feb, 2023","3 Jun, 2022",1984610
9th Dawn Remake,1501,453,86,"26 Sep, 2024",,1550180
Asyula 方舟之链,1502,238,88,"9 Aug, 2017",,689070
Deathtrap,1503,1783,84,"4 Feb, 2015",,310510
JUMP KING QUEST,1504,442,84,"13 Feb, 2025","13 Feb, 2025",2317640
Space Prison,1505,199,84,"19 Jul, 2024",,1865930
Project Morpheus: Prologue,1506,533,81,"15 Jan, 2021",,1414430
Dimensionals,1507,420,85,"29 Apr, 2025","19 Nov, 2024",2856450
Lelie Navigation!,1508,271,87,"4 Dec, 2021",,1279260
MEGA MAN X DiVE Offline,1509,1422,81,"1 Sep, 2023",,2183650
Rival Stars Horse Racing: Desktop Edition,1510,4069,93,"25 Jun, 2020",,1166860
Re:BF,1511,241,80,"12 Mar, 2022",,1770400
Sect And Monsters,1512,133,80,"25 Jan, 2024",,2752530
Forever Home,1513,158,91,"1 Nov, 2017",,718200
Sakura Hime,1514,1307,92,"15 Oct, 2021",,1732740
Fight School Simulator,1515,164,90,"19 Feb, 2025","8 Oct, 2024",2884190
Risen 2: Dark Waters,1516,3204,80,"27 Apr, 2012",,40390
State of Decay,1517,15348,84,"6 Nov, 2013",,241540
Septerra Core,1518,550,82,"31 Oct, 1999",,253940
Potionomics,1519,6331,90,"18 Oct, 2022",,1874490
猎魔战纪,1520,251,88,"25 May, 2022",,1986310
Illusion,1521,178,90,"1 Mar, 2022",,1875610
Craft Hero,1522,348,82,"10 Oct, 2022","1 Apr, 2022",1882040
Sector Six,1523,218,94,"8 Sep, 2018",,465020
"Command & Conquer Red Alert™, Counterstrike™ and The Aftermath™",1524,261,82,"8 Mar, 2024",,2229840
Corpse Party: Book of Shadows,1525,426,87,"30 Oct, 2018",,778390
晨昏线,1526,408,82,"7 Feb, 2025",,2461050
In Woods,1527,143,86,"20 Aug, 2024","23 Nov, 2022",2113770
Hob,1528,4384,88,"27 Sep, 2017",,404680
THE LONGING,1529,6316,92,"5 Mar, 2020",,893850
Karnage Chronicles,1530,1174,85,"31 Jul, 2020",,611160
Wizzerd Quest,1531,115,95,"24 Feb, 2024",,2785800
Reality Break,1532,512,83,"10 Feb, 2025",,1473060
Space Rangers HD: A War Apart,1533,5335,93,"18 Oct, 2013",,214730
挂姬恶魔 IDLE DEVILS,1534,1113,80,"30 Jan, 2024","25 Jun, 2023",2226700
Divided Reigns,1535,121,88,"3 Apr, 2021",,1139160
RPG Time: The Legend of Wright,1536,363,87,"13 Sep, 2022",,1839510
Magical Diary: Wolf Hall,1537,170,89,"18 Feb, 2020",,974910
Fighting Fantasy Classics,1538,318,80,"6 Jun, 2018",,856880
Elewar: Fused Survivors,1539,190,94,"22 Aug, 2024","4 Nov, 2023",2489560
DOKA 2 KISHKI EDITION,1540,3200,84,"6 Nov, 2018",,967250
Windward,1541,2650,80,"12 May, 2015",,326410
Littlewood,1542,5957,93,"4 Aug, 2020","18 Jun, 2019",894940
Strife: Veteran Edition,1543,428,92,"31 May, 1996",,317040
Z.O.N.A: Origin,1544,224,87,"27 Aug, 2024","27 Aug, 2024",2539520
Vengeful Rites,1545,252,94,"30 Jul, 2021","10 Nov, 2018",755410
Knuckle Sandwich,1546,486,86,"23 Nov, 2023",,1012570
Nexomon,1547,1597,89,"11 Jul, 2020","29 Nov, 2019",1191580
200% Mixed Juice!,1548,275,86,"24 Oct, 2015",,335190
The Metronomicon: Slay The Dance Floor,1549,274,86,"29 Sep, 2016",,416790
BLUE REFLECTION: Second Light,1550,891,81,"9 Nov, 2021",,1423600
My Friend Stalin,1551,429,90,"19 Jun, 2021",,1553910
Cardpocalypse,1552,176,88,"13 Oct, 2020",,904400
A Night Filled With the Sound of Rain,1553,334,90,"3 May, 2025",,3556740
Heroes of a Broken Land,1554,179,87,"8 Aug, 2014",,314470
人类动物园 Human Zoo,1555,130,90,"25 Dec, 2023","27 Oct, 2022",2181640
Shotgun Legend,1556,875,89,"16 Jan, 2018",,597230
Hero and Daughter+,1557,226,88,"19 Feb, 2016",,271970
Super Chibi Knight,1558,374,86,"24 Jun, 2015",,283080
Nexomon: Extinction,1559,2943,91,"28 Aug, 2020",,1196630
Choo Choo Survivor,1560,511,86,"27 Jun, 2023",,2336200
Disc Creatures,1561,198,82,"17 Oct, 2019",,1083190
Diary of Lucie,1562,412,87,"24 Feb, 2023","25 Nov, 2020",1454010
Stickman Strikes: Conquer Fantasy World,1563,396,80,"1 May, 2025",,2924170
Dragon Spirits,1564,255,86,"25 Apr, 2023",,1074190
Drox Operative,1565,270,88,"29 Nov, 2012",,274480
Illegal Mahjong,1566,118,84,"12 Jan, 2024",,2607320
Rollers of the Realm,1567,367,90,"18 Nov, 2014",,262470
Angels of Death,1568,4590,94,"20 Dec, 2016",,537110
Archons,1569,217,95,"7 Dec, 2024",,2779570
Dusk Diver 酉閃町,1570,539,86,"24 Oct, 2019","26 Mar, 2019",911220
Ghostlore,1571,613,80,"18 May, 2023","15 Apr, 2022",1783280
How to Survive,1572,13916,82,"23 Oct, 2013",,250400
Chess Survivors,1573,131,89,"1 Sep, 2023","10 Nov, 2022",2065000
Into the Necrovale,1574,515,87,"1 Oct, 2024","27 Jan, 2024",1717090
Valdis Story: Abyssal City,1575,2258,83,"8 Sep, 2013",,252030
Long Live The Queen,1576,5713,94,"9 Nov, 2013",,251990
Record of Lodoss War-Deedlit in Wonder Labyrinth-,1577,6437,92,"27 Mar, 2021","12 Mar, 2020",1203630
Annie and the Art Gallery,1578,169,85,"13 Apr, 2022",,1887330
HunterX,1579,617,82,"29 Apr, 2022",,1918450
完美恋人~fragile love,1580,171,85,"12 Aug, 2024",,2773520
Pocket Rogues,1581,453,89,"25 Oct, 2018",,946610
DunHero,1582,396,89,"13 Feb, 2024","13 Feb, 2024",2270210
The Vagrant,1583,7865,89,"13 Jul, 2018",,598700
Rebirth! New Lover,1584,391,83,"7 Aug, 2024",,2803810
HEARTBEAT,1585,538,86,"12 Dec, 2018",,984560
Active DBG: Brave's Rage,1586,215,83,"2 Feb, 2023","22 Apr, 2022",1124080
Unexplored,1587,556,89,"22 Feb, 2017",,506870
Alicemare,1588,1039,88,"22 Nov, 2016",,524850
The Lord of the Rings: Return to Moria™,1589,6983,82,"28 Aug, 2024",,2933130
Transcendence,1590,199,87,"25 Jul, 2015",,364510
Märchen Forest: Mylne and the Forest Gift [Legacy ver.],1591,375,81,"17 May, 2018",,842810
Nienix: Cosmic Warfare,1592,319,86,"25 Mar, 2023","29 Jan, 2022",1332760
Drox Operative 2,1593,248,90,"21 Oct, 2021","2 Jun, 2020",1305310
Super Cane Magic ZERO - Legend of the Cane Cane,1594,356,88,"30 May, 2019",,336440
Hakoniwa Explorer Plus,1595,508,83,"6 Jun, 2018",,705280
Dragon Is Dead,1596,317,81,"7 Jun, 2024","7 Jun, 2024",2803280
The Passenger,1597,111,90,"30 Dec, 2022",,2162160
Defeated Girl,1598,369,83,"1 Oct, 2020",,1205260
Sword and Fairy 3 Ex,1599,461,81,"6 Aug, 2004",,1536080
It Lurks Below,1600,1117,83,"30 May, 2019",,697550
Onmyoji,1601,3009,82,"19 Apr, 2018",,551170
白昼梦 · 心象病院,1602,182,89,"6 Jan, 2024",,1465710
Tape to Tape,1603,2732,92,"3 May, 2023","3 May, 2023",1566200
The Dungeon Of Naheulbeuk: The Amulet Of Chaos,1604,6426,88,"17 Sep, 2020",,970830
Cyber Manhunt 2: New World - The Hacking Simulator,1605,3897,92,"21 Jan, 2025","10 May, 2024",2421410
Bloobs Adventure Idle,1606,299,85,"15 Jul, 2024","15 Jul, 2024",2942780
Roots of Pacha,1607,3178,93,"26 Apr, 2023",,1245560
Dungeon Alchemist,1608,2101,94,"31 Mar, 2022","31 Mar, 2022",1588530
Dead Monarchy,1609,124,82,"19 May, 2023","19 Jun, 2019",1037940
Gatewalkers (Alpha),1610,798,83,"25 Jun, 2020",,1341330
NEODUEL: Backpack Monsters,1611,329,82,"30 Sep, 2024",,2693940
Monkey King Simulator -- Chapter Huaguo Mountain,1612,136,88,"12 Oct, 2021",,1765150
BeYourCat,1613,245,83,"16 Sep, 2024",,2959670
Emily is Away Too,1614,5089,94,"27 May, 2017",,523780
Entropy Survivors,1615,297,81,"5 Dec, 2024",,2602030
-The Sacrificial Girl of the Fantasy 3 Kingdoms-,1616,191,84,"25 Feb, 2022",,1240480
Emily is Away <3,1617,5438,92,"16 Apr, 2021",,978460
Heroine Anthem Zero 2 : Scalescars Oath,1618,724,81,"22 Feb, 2022","5 Jun, 2019",787850
The Alliance Alive HD Remastered,1619,233,82,"17 Jan, 2020",,1027250
State of Decay: YOSE,1620,9773,82,"28 Apr, 2015",,329430
Osteoblasts,1621,125,84,"12 Feb, 2021",,1450650
Union of Gnomes: Prologue,1622,288,82,"23 May, 2024",,2960560
异世界生存指南,1623,232,82,"11 Feb, 2025",,3074020
LIFE EFFECT,1624,188,86,"14 Feb, 2025","14 Feb, 2025",2191050
Epistory - Typing Chronicles,1625,3876,94,"30 Mar, 2016",,398850
LISA: The First,1626,306,83,"21 Mar, 2024",,2743030
Eternal Dread 3,1627,269,84,"10 Mar, 2023",,1583500
Bygone Dreams: Prophecy,1628,120,86,"6 May, 2025",,3493780
Buddy Simulator 1984,1629,3526,94,"19 Feb, 2021",,1269950
How to Build a Magnificent Kingdom,1630,356,80,"27 Aug, 2022",,1198850
House of Lizards,1631,326,85,"16 Dec, 2023",,2230070
The Amber Throne,1632,175,81,"6 Jul, 2015",,382380
ANEURISM IV,1633,2280,88,"11 Mar, 2025",,2773280
Realm Grinder,1634,7089,87,"16 Jun, 2017",,610080
Catmaze,1635,520,84,"24 May, 2018",,620220
Endless Sky,1636,6640,92,"30 Oct, 2015",,404410
Sword of the Necromancer - Prologue,1637,303,86,"4 Nov, 2020",,1455590
METAL DOGS,1638,748,82,"24 Mar, 2023","25 Aug, 2021",1036740
Stygian: Outer Gods,1639,220,85,"15 Apr, 2025","15 Apr, 2025",2581410
Redemption of Liuyin,1640,131,87,"24 Mar, 2025",,3306400
Sylphy and the Sleepless Island,1641,156,88,"9 Oct, 2021",,1342040
Last Group Out,1642,299,80,"18 Feb, 2022",,1843730
Crashlands,1643,5120,90,"21 Jan, 2016",,391730
Girlfriend Rescue,1644,131,80,"11 Jul, 2015",,332400
Candice DeBébé's Incredibly Trick Lifestyle,1645,130,90,"23 Mar, 2016",,453790
Captain Bones: Prologue,1646,548,86,"24 Jul, 2021",,1671600
Young Souls,1647,450,84,"10 Mar, 2022",,985900
Blood West,1648,4472,90,"6 Dec, 2023","11 Feb, 2022",1587130
Crown Champion: Legends of the Arena,1649,190,83,"22 Oct, 2016",,527710
Pixel Dungeon VR: Prologue,1650,204,87,"27 Sep, 2024",,3194310
Mech Armada,1651,594,80,"17 Jun, 2022","10 Aug, 2021",1389360
Kristala,1652,150,82,"7 Jun, 2024","7 Jun, 2024",1206410
The Adventure of Magical Girl,1653,121,84,"22 Jun, 2018",,852790
Dungeon Mage,1654,141,87,"20 Dec, 2023",,2333420
Din's Curse,1655,213,85,"31 Mar, 2010",,217290
Ten Trials of Babel: The Doppelganger Maze,1656,3981,93,"14 Mar, 2022",,1900340
DeathSpank: Thongs of Virtue,1657,187,86,"1 Dec, 2010",,18050
Lunacid - Tears of the Moon,1658,516,80,"13 Apr, 2025",,3506110
PickCrafter,1659,6890,86,"14 Dec, 2017",,734750
螢幕判官 Behind the Screen,1660,232,83,"4 Apr, 2018",,821560
UnEpic,1661,5226,90,"25 Jul, 2014",,233980
Hammerwatch Anniversary Edition,1662,168,80,"16 Aug, 2023",,1905530
Sonar Shock,1663,187,86,"24 May, 2024",,2673660
Sins Of The Demon RPG,1664,848,83,"14 May, 2016",,461640
At Home Alone II,1665,211,86,"9 Aug, 2019",,1120360
Yokai's Secret,1666,6503,89,"6 Feb, 2020",,1146630
My Vow to My Liege,1667,3695,93,"22 Sep, 2020",,1146970
GunSuit Guardians,1668,207,87,"31 Mar, 2023","31 Mar, 2023",2278830
Tornado: Research and Rescue,1669,216,82,"29 May, 2023","29 May, 2023",2250550
Mosaique Neko Waifus 4,1670,4338,94,"13 Feb, 2021",,1504020
Zombie Shooter 2,1671,488,80,"23 Sep, 2009",,33180
Space Pilgrim Episode IV: Sol,1672,343,90,"4 Mar, 2016",,446640
Confess My Love,1673,4739,93,"20 May, 2017",,637850
SteamWorld Heist,1674,3901,94,"7 Jun, 2016",,322190
At Dead Of Night,1675,2638,93,"19 Nov, 2020",,1450830
Magicbook AutoBattler: Contract,1676,173,80,"29 Mar, 2025",,3521320
Wigmund,1677,669,81,"28 Mar, 2022","26 Feb, 2021",1164690
SPORE™ Galactic Adventures,1678,6730,88,"23 Jun, 2009",,24720
Bear and Breakfast,1679,4179,90,"28 Jul, 2022",,1136370
Labyrinth Of The Demon King,1680,870,93,"14 May, 2025",,1804010
修仙•母珠传 Pig Training Legend,1681,129,84,"4 Dec, 2024",,3262320
Gnomes and Knights,1682,293,81,"3 Oct, 2024",,3107880
Have a Nice Dream,1683,4622,92,"24 May, 2021",,1625080
Rebel Galaxy,1684,6969,85,"21 Oct, 2015",,290300
Home Behind 2,1685,6319,87,"16 Feb, 2022","22 Jan, 2021",1220010
Meadow - A Shelter Game,1686,5032,90,"26 Oct, 2016",,486310
Hero of the Kingdom,1687,3439,94,"20 Dec, 2012",,259550
Devious Dungeon,1688,274,83,"17 Aug, 2019",,1059880
～Daydream～When butterflies dance,1689,174,81,"27 May, 2022",,1966070
Styx: Master of Shadows,1690,8654,83,"8 Oct, 2014",,242640
5089: The Action RPG,1691,296,82,"4 Feb, 2016",,414510
Time Warpers,1692,483,83,"17 Jan, 2020","3 Nov, 2018",676500
Slash or Die,1693,148,85,"4 Jun, 2016",,480480
风信楼,1694,3323,94,"14 Oct, 2021","23 May, 2020",1126310
Watcher Chronicles,1695,127,83,"19 Jan, 2022",,1264880
Sonny Legacy Collection,1696,227,92,"30 Sep, 2024",,2757720
SUNLESS SEA,1697,7401,83,"6 Feb, 2015",,304650
The Morrigan,1698,241,85,"31 Mar, 2020","29 Mar, 2019",985260
Nine Treasures of Liuyin,1699,227,81,"2 Aug, 2024",,2949580
Magicka 2,1700,9121,82,"27 May, 2015",,238370
A Bird Story,1701,7683,85,"7 Nov, 2014",,327410
The Bridge Curse Road to Salvation,1702,2451,90,"25 Aug, 2022",,1611430
Endlanders : First Encounter,1703,227,81,"4 Jun, 2022",,2010450
Chernobylite Complete Edition,1704,11387,82,"28 Jul, 2021","17 Oct, 2019",1016800
Hobo: Tough Life,1705,7575,84,"13 Apr, 2021","26 Jul, 2017",632300
Mana Spark,1706,462,80,"27 Sep, 2018",,630720
PULSAR: Lost Colony,1707,4304,89,"23 Jun, 2021","16 Sep, 2015",252870
Evoland Legendary Edition,1708,1229,82,"7 Feb, 2019",,1020470
Don't open the doors!,1709,273,84,"11 Nov, 2016",,533950
Swordcery: Prologue,1710,129,81,"9 Oct, 2021",,1764050
9th Dawn II,1711,156,82,"18 Oct, 2016",,279070
Wytchwood,1712,3320,92,"10 Dec, 2021",,729000
Costume Quest,1713,2435,94,"15 Oct, 2011",,115100
Ticy Adventure Club : Queen of the Spring,1714,289,99,"30 Apr, 2025",,2448980
Granblue Fantasy: Versus,1715,7642,83,"14 Mar, 2020",,1090630
Project Nimbus: Complete Edition,1716,1405,85,"27 Sep, 2017",,257030
Buccaneers!,1717,356,83,"8 Mar, 2022",,1148560
Hinterland,1718,216,81,"30 Sep, 2008",,17140
Lenna's Inception,1719,239,88,"18 Jan, 2020",,1114870
Touhou Blooming Chaos 2,1720,2113,92,"17 Apr, 2020","17 Apr, 2020",1260810
Paradise Killer,1721,2940,93,"4 Sep, 2020",,1160220
Our world has not decayed,1722,362,85,"26 Oct, 2019",,1116210
Time Survivors: Chapter 0,1723,164,81,"19 Sep, 2023",,2455500
Hellslave,1724,589,80,"26 May, 2022",,1608450
ALONE,1725,184,88,"31 May, 2021",,1544540
Cave Crawlers,1726,2897,93,"11 Jul, 2023","11 Jul, 2023",2143030
Learn Japanese To Survive! Kanji Combat,1727,285,84,"2 Aug, 2018",,759440
Himno - The Silent Melody,1728,271,82,"21 Oct, 2021","21 Oct, 2021",1079230
World Of Mystery,1729,161,86,"12 Apr, 2023","8 Jan, 2023",2194400
Immortal Planet,1730,170,82,"28 Jul, 2017",,631980
Star Valor,1731,2590,89,"4 Aug, 2022","14 Jul, 2018",833360
Vanity Fair: The Pursuit,1732,3468,88,"20 Feb, 2024",,2758000
Ring of Pain,1733,3078,92,"16 Oct, 2020",,998740
月圆之夜 (Night of Full Moon),1734,10415,82,"26 Jul, 2019",,769560
Buccaneers! The New Age of Piracy,1735,139,80,"3 Mar, 2022",,1631240
CaseCracker,1736,2741,91,"19 Dec, 2022","19 May, 2022",1723260
Pretty Neko,1737,2682,93,"20 Feb, 2020",,1212620
Crypt of the Serpent King,1738,242,80,"27 Dec, 2016",,528730
Adventure Craft,1739,217,81,"6 Jul, 2017",,624890
Organ Trail: Director's Cut,1740,2326,89,"20 Mar, 2013",,233740
Sagres,1741,175,80,"19 Sep, 2023","3 Apr, 2023",2120310
Prison Simulator,1742,2045,87,"4 Nov, 2021",,842180
Pretty Angel,1743,3190,92,"13 Dec, 2019",,1148510
Citizen Sleeper 2: Starward Vector,1744,1245,93,"1 Feb, 2025",,2442460
Space Pilgrim Episode III: Delta Pavonis,1745,339,89,"4 Feb, 2016",,439250
Calico,1746,3082,89,"16 Dec, 2020",,1112890
Choice Chamber,1747,122,89,"17 Jul, 2015",,359960
Gorky 17,1748,887,85,"31 Dec, 1999",,253920
Pathologic Classic HD,1749,3448,88,"29 Oct, 2015",,384110
Age of Wonders III,1750,6905,81,"1 Apr, 2014",,226840
Drakkar Crew,1751,128,82,"29 Jun, 2024","28 Mar, 2023",879050
Plantera,1752,4388,88,"29 Jan, 2016",,421040
Hammerwatch,1753,3616,88,"13 Aug, 2013",,239070
Niche - a genetics survival game,1754,4151,88,"15 Sep, 2016",,440650
Re:ZERO -Starting Life in Another World- The Prophecy of the Throne,1755,690,86,"28 Jan, 2021",,1277510
Potions: A Curious Tale,1756,320,89,"8 Mar, 2024",,378690
千面 Melancholy Love,1757,2007,94,"3 Jan, 2020",,1168470
Curious Expedition 2,1758,3573,88,"28 Jan, 2021","17 Jun, 2020",1040230
CHANGE: A Homeless Survival Experience,1759,2348,91,"2 May, 2020",,926140
Apotheon,1760,3185,90,"4 Feb, 2015",,208750
Curious Expedition,1761,3741,91,"2 Sep, 2016",,358130
Song of Nunu: A League of Legends Story,1762,2372,94,"2 Nov, 2023",,1333200
Magicite,1763,5789,85,"10 Jun, 2014",,268750
Pixel Survivors : Roguelike,1764,357,80,"25 Feb, 2023","1 Jul, 2022",1995870
Home Behind,1765,4860,84,"3 Jun, 2016",,467960
Wildmender,1766,1495,86,"29 Sep, 2023",,1599330
Eastshade,1767,4819,89,"13 Feb, 2019",,715560
Hero of the Kingdom II,1768,1806,94,"21 Feb, 2015",,346560
Legionwood 1: Tale of the Two Swords,1769,186,84,"11 May, 2016",,461820
I'a I'a Cofflhu Fhtagnyaa,1770,274,83,"5 Jan, 2021",,1373320
Strain Tactics,1771,206,87,"5 May, 2017",,621810
Infernax,1772,1877,92,"15 Feb, 2022",,374190
Kanna Maze,1773,291,87,"15 May, 2024",,2876250
Trine 5: A Clockwork Conspiracy,1774,1974,91,"31 Aug, 2023",,1436700
"Warhammer 40,000: Dawn of War II - Anniversary Edition",1775,7197,86,"18 Feb, 2009",,15620
Swaying Girl,1776,4850,89,"20 Nov, 2020","13 Oct, 2020",1393350
Last Word,1777,218,82,"9 May, 2015",,355530
Space Pirates and Zombies,1778,2175,91,"16 Aug, 2011",,107200
Aground,1779,1648,94,"18 Apr, 2020",,876650
Cultivation Story: Reincarnation,1780,1884,92,"31 Jan, 2023","2 Aug, 2022",1866880
Moonstone Island,1781,3150,84,"21 Sep, 2023",,1658150
Block Story™,1782,1536,83,"10 Dec, 2015",,270110
Growing Up,1783,3043,87,"14 Oct, 2021",,1191120
Original War,1784,1697,94,"15 Jun, 2001",,235320
Open World Game: the Open World Game,1785,2492,92,"19 Nov, 2019",,1144110
Crown Trick,1786,4421,85,"16 Oct, 2020",,1000010
Spiritfall,1787,1623,92,"29 Feb, 2024","3 Apr, 2023",1835240
Vampire: The Masquerade — Parliament of Knives,1788,266,95,"28 Oct, 2021",,1266100
Fairy Bloom Freesia,1789,568,90,"18 Oct, 2012",,214590
Echoes of Aetheria,1790,134,82,"16 Jan, 2016",,354740
Insects Awaken,1791,144,93,"22 May, 2025",,2374000
Idling to Rule the Gods,1792,1912,85,"28 May, 2016",,466170
Dex,1793,2785,86,"7 May, 2015",,269650
天外武林 (Traveler of Wuxia),1794,3031,85,"6 Jan, 2023",,2088160
Sheltered,1795,5203,81,"16 Mar, 2016",,356040
Lost,1796,7458,80,"1 Oct, 2019",,1126290
Space Pilgrim Academy: Year 1,1797,113,91,"6 Oct, 2017",,694370
侦探，请守护我的秘密吧！,1798,422,95,"16 May, 2025",,3391500
Ctrl Alt Ego,1799,665,93,"22 Jul, 2022",,1571940
Mr. Prepper,1800,4316,82,"19 Mar, 2021",,761830
Sunrider: Mask of Arcadius,1801,2780,92,"2 Jul, 2014",,313730
Demeo,1802,1489,90,"7 May, 2021",,1484280
HorrorVale,1803,116,100,"1 Oct, 2024","28 Jul, 2019",1114650
System Shock: Enhanced Edition,1804,1635,91,"22 Sep, 2015",,410710
Keplerth,1805,3579,84,"24 May, 2022",,747200
MEMOLOGY: GOYDA,1806,1403,94,"15 May, 2024",,2629330
Rampage Knights,1807,2145,93,"5 Sep, 2015",,314410
Kingsway,1808,1425,92,"18 Jul, 2017",,588950
You Will (Not) Remain,1809,2455,92,"7 Jan, 2022",,1776160
Legend of Keepers: Prologue,1810,2369,92,"10 Oct, 2019",,1151080
The Test: Reality Check,1811,458,98,"25 Feb, 2025",,3447410
SpellForce - Platinum Edition,1812,2190,87,"4 Nov, 2009",,39540
Juicy Realm,1813,3230,87,"3 May, 2018",,732370
寇莎梅特：困世迷情 Consummate:Missing World,1814,917,94,"21 Jul, 2017",,630060
The Desolate Hope,1815,1637,91,"6 May, 2014",,298180
The Deed,1816,1984,90,"24 Nov, 2015",,420740
Lemon Cake,1817,1580,87,"18 Feb, 2021",,1338330
Paper Bride,1818,1831,91,"3 Dec, 2021",,1735950
镇邪,1819,2601,87,"4 Nov, 2022",,1939560
Pesterquest,1820,1237,92,"4 Sep, 2019",,1144030
The Forest of Drizzling Rain,1821,366,96,"16 Nov, 2022",,2106810
Stone Story RPG,1822,833,90,"27 Jul, 2023","8 Aug, 2019",603390
Roguebook,1823,2828,84,"17 Jun, 2021",,1076200
Matchmaking Inc.,1824,3236,81,"21 Jan, 2025",,2103130
Sucker for Love: Date to Die For,1825,989,94,"24 Apr, 2024",,2240790
Cinnabunny,1826,265,95,"20 Feb, 2025",,2794830
Vampire: The Masquerade — Night Road,1827,597,90,"24 Sep, 2020",,1290270
Mosaique Neko Waifus 5,1828,1306,93,"27 Oct, 2022",,2165610
School Days,1829,1999,82,"30 Jan, 2025","30 Jan, 2025",1991040
School Days,1829,1999,82,"30 Jan, 2025","30 Jan, 2025",3100110
A Legionary's Life,1830,2340,87,"25 Sep, 2019","20 Apr, 2019",1058430
Fox Hime,1831,3682,85,"3 Nov, 2017",,720280
Hiveswap Friendsim,1832,1196,93,"14 Apr, 2018",,833040
Dungeons & Degenerate Gamblers,1833,2232,80,"9 Aug, 2024",,2400510
Garden Paws,1834,1851,90,"18 Dec, 2018",,840010
Delver,1835,2320,88,"1 Feb, 2018",,249630
"10,000,000",1836,1746,90,"16 Jan, 2013",,227580
Baldr Sky,1837,1351,94,"21 Dec, 2019",,741140
Adventure Time: Pirates of the Enchiridion,1838,657,90,"17 Jul, 2018",,728240
Sunless Skies: Sovereign Edition,1839,2532,84,"1 Feb, 2019",,596970
Not Tonight,1840,1968,86,"17 Aug, 2018",,733790
Bang Average Football,1841,193,98,"11 May, 2024",,2393770
Open Sorcery,1842,300,98,"22 Feb, 2017",,585180
Creepy Redneck Dinosaur Mansion 3,1843,225,96,"22 Apr, 2025",,2116510
Thea: The Awakening,1844,3239,88,"20 Nov, 2015",,378720
VenusBlood FRONTIER International,1845,739,93,"8 Feb, 2020",,1189440
My Sweet! Housemate,1846,156,99,"28 Aug, 2024",,3100210
Plebby Quest: The Crusades,1847,2538,86,"9 Apr, 2020",,334310
Knell of St. Godhrkar,1848,1365,93,"5 Dec, 2021","10 Oct, 2020",1377450
Dungeon Painter Studio,1849,2582,83,"27 Feb, 2017",,592260
Bloodwash,1850,1081,92,"16 Sep, 2021",,1598160
挂机神话,1851,1679,90,"7 Apr, 2023","7 Feb, 2022",1863750
Killed by Love 99 Times,1852,399,97,"12 Mar, 2025",,3090080
Hero of the Kingdom: The Lost Tales 1,1853,973,91,"17 Apr, 2020",,1249130
AI2U: With You 'Til The End,1854,517,91,"24 Jan, 2025","24 Jan, 2025",2880730
Fortune's Run,1855,490,92,"28 Sep, 2023","28 Sep, 2023",1692240
Mages of Mystralia,1856,851,85,"18 May, 2017",,529660
TunTown,1857,225,98,"13 Aug, 2024",,1512710
冬日树下的回忆AFTER,1858,334,99,"19 Dec, 2023",,2546970
Who Needs a Hero?,1859,1374,91,"21 Jan, 2021",,1342890
Heartbound,1860,2302,85,"25 Dec, 2018","25 Dec, 2018",567380
Feel The Snow,1861,2480,87,"13 Dec, 2019",,538100
Fallen Hero: Rebirth,1862,411,96,"16 Mar, 2018",,800620
RPG in a Box,1863,375,94,"11 May, 2022","13 Aug, 2019",498310
Office Life,1864,1455,88,"18 Dec, 2024","20 May, 2024",1360810
Card-en-Ciel,1865,680,92,"24 Oct, 2024",,2730540
Dustland Delivery,1866,952,89,"6 Nov, 2024","12 Jul, 2024",2943280
Love Esquire - RPG/Dating Sim/Visual Novel,1867,981,90,"9 Oct, 2019",,849740
Your Chronicle,1868,2029,80,"5 Apr, 2021",,1546320
Journey to Incrementalia,1869,616,89,"24 Oct, 2024",,3147430
像素男友 语音完整版,1870,335,97,"24 Dec, 2020",,1478410
Dokapon Kingdom: Connect,1871,535,88,"8 Sep, 2023",,2338140
MARDEK,1872,249,99,"6 Jul, 2010",,1302990
Shigatari,1873,259,97,"26 Aug, 2017",,486380
Lords of Magic: Special Edition,1874,481,92,"19 Nov, 1997",,404040
Vampire: The Masquerade - Redemption,1875,840,88,"7 Jun, 2000",,559680
Timeflow – Life Sim,1876,1304,92,"1 Jan, 2019","19 Jan, 2019",1005930
Alien Hominid Invasion,1877,1476,88,"2 Nov, 2023",,843200
Zelle,1878,406,94,"4 Oct, 2019",,725330
Minit,1879,1600,91,"3 Apr, 2018",,609490
Dog Sled Saga,1880,608,94,"23 Sep, 2016",,286240
All Quiet in the Trenches,1881,692,90,"18 Jan, 2024","18 Jan, 2024",863500
Choice of Life: Middle Ages 2,1882,795,94,"1 Oct, 2022",,1573630
Magic Research 2,1883,472,92,"22 May, 2024",,2864890
Timespinner,1884,2552,85,"26 Sep, 2018",,368620
Wayhaven Chronicles: Book Two,1885,204,98,"7 May, 2020",,1233950
Stick RPG 2: Director's Cut,1886,867,87,"19 Apr, 2011",,307640
Ark Mobius: Censored Edition,1887,966,94,"15 Oct, 2021",,1731520
流光易逝的夏末 - Fleeting Summer's End,1888,246,99,"6 Jan, 2023",,2205290
Above Snakes: Prologue,1889,1830,90,"24 Mar, 2023",,2209150
Tin Star,1890,290,95,"21 Feb, 2014",,375130
the static speaks my name,1891,5633,81,"10 Aug, 2015",,387860
Choice of Life: Middle Ages,1892,1477,89,"7 Nov, 2020",,1337890
幻想枝魂 Soul Fantasy,1893,403,97,"31 Dec, 2021",,1828630
Amber Isle,1894,1323,85,"11 Oct, 2024",,1663040
封神外传,1895,465,96,"3 Nov, 2021",,1560060
Touhou Kikamu ~ Elegant Impermanence of Sakura,1896,406,97,"16 Apr, 2020",,1252320
The Last Train,1897,343,98,"30 Nov, 2023",,2456860
Ken ga Kimi,1898,889,93,"26 Mar, 2020",,1162650
Super Trench Attack!,1899,1097,91,"24 Jul, 2014",,311870
Corpse Party,1900,1188,89,"26 Apr, 2016",,251270
Dream Date,1901,2497,85,"9 May, 2020",,1256610
VR Flush,1902,794,94,"21 Jun, 2018",,866540
The Lord of the Rings: Journeys in Middle-earth,1903,840,90,"19 Apr, 2019",,1003400
Idle Fishing,1904,1406,85,"24 May, 2024",,2725560
风与鸟 - Wind and Bird,1905,373,99,"22 Jan, 2024",,2269860
Godsworn,1906,627,93,"29 Mar, 2024","29 Mar, 2024",1328990
Ziggurat,1907,2778,87,"24 Oct, 2014",,308420
Soul Gambler,1908,2167,87,"1 Aug, 2013",,313020
神社的百合香 ~ Floral Aroma in the Shrine,1909,674,94,"1 Oct, 2018",,925440
Candleman: The Complete Journey,1910,1036,92,"1 Feb, 2018",,591630
巴哈姆特1-REMAKE(BAHAMUT1-REMAKE),1911,108,98,"17 Jan, 2025",,3201530
Little-Known Galaxy,1912,610,90,"21 May, 2024",,2521600
Blossom Tales: The Sleeping King,1913,618,86,"28 Mar, 2017",,446810
The Caribbean Sail,1914,472,94,"20 Sep, 2017",,657690
The Adventure Pals,1915,916,93,"4 Apr, 2018",,396710
秘封旅行 ~ Secret Sealing Travel,1916,197,100,"17 Oct, 2020","17 Oct, 2020",1176050
Paper Bride 2 Zangling Village,1917,913,90,"6 May, 2022",,1879380
The Guild II Renaissance,1918,3282,81,"29 Jul, 2010",,39680
Eve of Souls: Static Pod,1919,465,94,"5 Jun, 2019","5 Jun, 2019",923910
Breeze,1920,484,96,"5 Aug, 2022",,2081460
Paper Bride 3 Unresolved Love,1921,767,92,"29 Sep, 2022",,1939790
Sorcery! Parts 1 and 2,1922,536,91,"3 Feb, 2016",,411000
绮罗四时谭,1923,442,96,"30 Oct, 2019",,1172980
Sakura Hime 2,1924,799,92,"22 Apr, 2022",,1223870
Dead Pixels,1925,1979,86,"8 Dec, 2012",,222980
Sophie's Dice,1926,111,99,"17 Jun, 2019",,1067350
Bloody Painter Dating Sim,1927,909,92,"10 Oct, 2024",,3214880
Cat Museum,1928,746,92,"18 Mar, 2022",,1688100
"BEARS, VODKA, BALALAIKA! 🐻",1929,1678,89,"7 Nov, 2019","16 Aug, 2019",1129220
Windward Horizon,1930,151,82,"22 May, 2025",,2665460
My Friend is a Raven,1931,1295,91,"18 Nov, 2019",,1215090
Hard Truck Apocalypse / Ex Machina,1932,2235,83,"8 Dec, 2005",,285500
West Sweety,1933,3210,83,"13 Dec, 2019",,1186400
Royal Alchemist,1934,275,93,"1 May, 2020",,939790
PuzzleQuest: Challenge of the Warlords,1935,965,87,"10 Oct, 2007",,12500
Sakura Hime 3,1936,499,94,"16 Dec, 2022",,1996210
神树残响（Echoes of the Divine Tree）,1937,231,94,"21 Mar, 2025",,2961460
Idle Wizard,1938,1591,86,"25 Jan, 2019",,992070
月夜下的紅茶杯 ~ Blacktea With Moon,1939,516,93,"9 May, 2018",,836490
Faeria,1940,1447,83,"8 Mar, 2017",,397060
Faerie Solitaire,1941,1352,89,"18 Sep, 2010",,38600
Tactical Nexus,1942,192,96,"12 Nov, 2019",,1141290
Guns of Infinity,1943,128,96,"30 Mar, 2016",,446330
Illwinter's Floorplan Generator,1944,442,92,"4 May, 2018",,630900
The Enchanted Cave 2,1945,693,90,"3 Jun, 2015",,368610
Super Panda Adventures,1946,712,94,"15 Jul, 2014",,311190
Sol-Rui -after mini-,1947,202,91,"11 Jan, 2025",,3226850
Betrayal At Club Low,1948,453,97,"9 Sep, 2022",,1885750
STORY OF SEASONS: Pioneers of Olive Town,1949,1241,83,"16 Sep, 2021",,1392960
Sang-Froid - Tales of Werewolves,1950,1923,87,"6 Apr, 2013",,227220
Meteorfall: Krumit's Tale,1951,718,91,"23 Jul, 2020","6 Nov, 2019",1073320
The Light Brigade,1952,992,89,"23 Feb, 2023",,1579880
Black Gunner Wukong,1953,373,98,"5 Feb, 2024",,2270750
真夜的居所 - Chanye's Home,1954,125,100,"25 Dec, 2023",,2677040
Prince Maker美少年梦工厂3：重生,1955,386,95,"10 May, 2019",,1055760
Stories from Sol: The Gun-Dog,1956,592,91,"20 Feb, 2025",,2118420
茜色,1957,292,98,"13 Sep, 2024",,2936180
Faeland,1958,155,92,"6 Dec, 2023","6 Dec, 2023",1280080
Zombie Apocalypse Survival Simulator,1959,110,99,"18 Oct, 2022",,2152190
Lords of Infinity,1960,192,95,"2 Mar, 2023",,2169120
秘密舞会,1961,642,93,"1 Mar, 2021",,1494190
Bardbarian,1962,763,90,"2 Apr, 2014",,269490
Left on Read,1963,5323,80,"19 May, 2020",,1306580
Ascension to the Throne,1964,481,91,"26 Jan, 2007",,289200
DORAEMON STORY OF SEASONS: Friends of the Great Kingdom,1965,275,91,"2 Nov, 2022",,1492730
Aeruta,1966,464,90,"16 May, 2024","16 May, 2024",2286780
Director Simulator,1967,497,87,"26 Jul, 2024",,2803060
Magical Diary: Horse Hall,1968,701,93,"1 Jun, 2012",,211340
Without a Voice,1969,316,95,"21 Mar, 2020",,1262190
夜永 Eternal Love,1970,925,91,"12 Nov, 2020",,1416240
蓝宝石般的被害妄想少女/Damsel with persecutory delusion,1971,929,89,"28 Nov, 2018",,970510
MareQuest,1972,382,96,"1 Dec, 2022",,2184130
SWOLLEN TO BURSTING UNTIL I AM DISAPPEARING ON PURPOSE,1973,269,97,"29 Aug, 2023",,2411590
Costume Quest 2,1974,713,87,"8 Oct, 2014",,275180
Cemetery Mary,1975,345,96,"30 Dec, 2021",,1801230
BROK the InvestiGator - Prologue,1976,292,97,"3 Dec, 2020",,1318790
Lunavania,1977,691,87,"24 Jan, 2025","24 Jan, 2025",2770460
Chicken Assassin: Reloaded,1978,664,94,"28 Jun, 2016",,489610
Wizard And Minion Idle,1979,762,90,"7 Feb, 2019",,1011510
Tentacle Girl,1980,1131,88,"14 Feb, 2020",,1205240
亭上满月映西枝~The Forever Moon,1981,137,96,"13 Jun, 2020",,1327020
Voids Vigil,1982,299,96,"11 Mar, 2025","16 Sep, 2024",2738940
A Gay's Life,1983,276,95,"20 Nov, 2019",,1147500
7 Years From Now,1984,163,98,"17 Jun, 2021",,1562920
Cozy Space Survivors,1985,293,96,"4 May, 2024",,2657850
MEMOLOGY 2: OLD TIMES,1986,219,96,"3 Mar, 2025",,3107930
Perennial Order,1987,475,93,"6 Sep, 2024",,1411020
Polandball: Can into Space!,1988,445,93,"16 Jun, 2016",,441050
Cards & Tankards,1989,870,88,"25 May, 2023","20 Apr, 2021",1506850
Fausts Alptraum,1990,1154,93,"14 Aug, 2015",,574740
Judero,1991,237,98,"17 Sep, 2024",,1960900
Tumbleweed Destiny,1992,340,95,"1 Apr, 2022",,1929360
Detective Hayseed - Hollywood,1993,113,96,"7 Oct, 2016",,504380
Intergalactic Fishing,1994,277,97,"22 Apr, 2020",,949600
Seek Girl Ⅲ,1995,2678,83,"6 Dec, 2019",,1191210
Heads Will Roll: Reforged,1996,900,87,"5 Oct, 2023",,687800
Survive or Thrive,1997,225,98,"8 Sep, 2020",,1397030
Midas Gold Plus,1998,1755,85,"1 Feb, 2017",,557400
Sacred Fire: A Role Playing Game,1999,433,94,"19 Oct, 2021","19 Oct, 2021",900400
Through time the girl puzzle,2000,962,93,"8 Sep, 2023",,2527690
Game of Fate: Chasing Through Time,2001,821,91,"31 Oct, 2024",,2963550
A Book of Beasts and Buddies,2002,396,95,"6 Oct, 2018",,959750
The Black Grimoire: Cursebreaker,2003,600,89,"28 Oct, 2024","11 Mar, 2023",1189290
Kraken Academy!!,2004,629,91,"10 Sep, 2021",,1158220
Arcadie: Second-Born,2005,343,94,"10 Dec, 2022",,2196980
Mondealy,2006,477,94,"9 Aug, 2023",,1620520
Slasher's Keep,2007,1975,83,"20 Nov, 2020","9 Feb, 2018",598060
FAIRY TAIL: DUNGEONS,2008,552,92,"26 Aug, 2024",,2305500
Death Skid Marks,2009,772,91,"21 Nov, 2014",,326150
Sacrifice,2010,616,92,"1 Nov, 2000",,38440
Choice of Life: Wild Islands,2011,267,94,"26 Sep, 2024",,2380320
Eternal Escape: castle of shadows,2012,106,98,"12 Jul, 2024",,3016090
The Ship: Murder Party,2013,2557,84,"11 Jul, 2006",,2400
Free Will,2014,228,96,"7 May, 2024",,2571880
The Endless Empty,2015,242,96,"4 Nov, 2018",,959410
Boosted Survivors,2016,173,97,"29 Aug, 2024",,3161850
Why Am I Dead At Sea,2017,383,94,"12 May, 2015",,359400
Dodgeball Academia,2018,414,94,"6 Aug, 2021",,1422420
Mothlight,2019,412,94,"25 Aug, 2017",,687980
Sucker for Love: Prelude,2020,483,96,"15 Dec, 2021",,1820740
Ad Fundum,2021,295,95,"14 Jun, 2024",,2647820
Forward to the Sky,2022,1821,84,"30 Jan, 2015",,333250
我的纸片人女友/Make butter together!,2023,591,92,"10 Jul, 2019",,1070020
Illusion Box,2024,159,95,"17 Apr, 2025",,3109800
Super Life (RPG),2025,512,90,"18 Jul, 2019",,1087460
The Black Watchmen,2026,619,89,"25 Jun, 2015",,349220
Dead Effect 2 VR,2027,1156,80,"4 Oct, 2017",,646200
HIVESWAP: ACT 2,2028,929,88,"26 Nov, 2020",,1181840
食用系少女 Food Girls,2029,355,93,"6 Jun, 2019",,985080
Castlevania Anniversary Collection,2030,1522,80,"16 May, 2019",,1018010
Princess Remedy 2: In A Heap of Trouble,2031,344,95,"9 Sep, 2016",,522040
Transparent Black,2032,241,94,"11 Nov, 2016",,687830
The Hayseed Knight,2033,148,96,"8 Dec, 2020",,1332990
Before the Echo,2034,1042,88,"21 Oct, 2011",,200910
角斗士学院（Gladiator School）,2035,335,94,"1 Mar, 2022",,1740850
Pathologic 3: Quarantine,2036,1197,88,"18 Mar, 2025",,3389330
Quest for Glory 1-5,2037,351,95,"1 Oct, 1989",,502750
Angels of Death Episode.Eddie,2038,403,89,"21 May, 2020",,1321230
RED,2039,321,95,"25 Dec, 2016",,573770
Buriedbornes - Dungeon RPG,2040,1351,88,"14 Dec, 2022",,2153310
Jianghu Survivor,2041,1072,87,"1 Jun, 2023","28 Dec, 2022",2196790
Sakura Hime 4,2042,227,93,"30 May, 2024",,2070850
Lam Lam,2043,141,97,"11 Nov, 2022",,2169800
Staxel,2044,3038,80,"12 Apr, 2019",,405710
我来自江湖 From Jianghu,2045,2091,81,"25 Jul, 2020","25 Jul, 2020",1058770
Werewolf: The Apocalypse — The Book of Hungry Names,2046,178,91,"25 Apr, 2024",,2402280
Giants: Citizen Kabuto,2047,172,95,"7 Dec, 2000",,557750
Lockheart Indigo,2048,131,98,"1 Aug, 2020",,1345470
Eldritch,2049,1682,88,"22 Oct, 2013",,252630
风岬-The Everlasting lovestory at the Windcap,2050,672,88,"14 Feb, 2024",,2414750
WhiteLily 1：丽丽公主,2051,192,94,"17 Aug, 2018",,876850
Neversong,2052,737,86,"20 May, 2020",,733210
Lucky Hunter,2053,380,91,"5 Nov, 2024",,2824310
Noble Fates,2054,1243,83,"15 Dec, 2021","15 Dec, 2021",1769420
Maid Cafe on Electric Street,2055,468,82,"18 Nov, 2024",,1789030
Outcast 1.1,2056,524,90,"19 Dec, 2014",,336610
REAL WEB LEGENDS: Carter's Quest,2057,158,96,"3 Aug, 2024","3 Aug, 2024",2409110
Xi,2058,258,93,"13 Mar, 2025",,3432160
蛊婆 Lady in Tomb,2059,385,93,"22 Jul, 2021","15 Oct, 2020",1329350
Sphinx and the Cursed Mummy,2060,546,93,"10 Nov, 2003",,606710
PAGUI打鬼,2061,1064,84,"8 Oct, 2019",,986680
Westerado: Double Barreled,2062,1379,92,"17 Apr, 2015",,275200
云端之约,2063,460,93,"1 Oct, 2020","1 Oct, 2020",1422540
Flamebreak,2064,439,93,"15 Mar, 2016",,399640
Stuck In Time,2065,876,85,"9 Dec, 2021",,1814010
AshenForest,2066,185,95,"24 Jan, 2020","24 Jan, 2020",1160020
SC2VN - The eSports Visual Novel,2067,870,92,"7 Sep, 2015",,404480
业火 Hellfire,2068,186,98,"3 May, 2024",,2921890
WazHack,2069,561,88,"18 Feb, 2014",,264160
Komorebi,2070,231,93,"28 Jul, 2023",,1805130
小松穿越记 Wanna Wake up?,2071,188,97,"4 Jul, 2024",,2953560
Duck Life 8: Adventure,2072,364,90,"23 Jun, 2020",,1321270
Hero of the Kingdom: The Lost Tales 2,2073,616,89,"20 Nov, 2021",,1784780
The Letter - Horror Visual Novel,2074,1238,87,"25 Jul, 2017",,460430
ChilloutVR,2075,2355,80,"9 Feb, 2021","9 Feb, 2021",661130
Stonekeep,2076,123,94,"8 Nov, 1995",,613240
重生了还要我谈恋爱？,2077,372,90,"26 Jul, 2024",,2804510
Conur Life,2078,127,96,"6 Mar, 2023","6 Mar, 2023",1888330
Dad's Monster House,2079,200,95,"24 Sep, 2021",,1347600
Arcadia Fallen,2080,346,93,"18 Nov, 2021",,1174640
Half Past Fate,2081,219,92,"12 Mar, 2020",,1048740
绽于枝垂樱下~Flowering Across the Hakugyokurou,2082,137,94,"13 Jul, 2019",,1063190
公主×观众,2083,110,99,"23 May, 2024",,2959120
天天地下城,2084,107,97,"13 Jan, 2022",,1849310
The Legend of The Sacred Stone EX,2085,298,94,"11 Mar, 2022",,1886830
Berzerk Flashback,2086,113,96,"9 Feb, 2021",,1505700
Letter Quest: Grimm's Journey,2087,209,96,"21 Nov, 2014",,328730
Fidel Dungeon Rescue,2088,308,95,"2 Aug, 2017",,573170
Lightracer: For Judge,2089,338,92,"8 Jan, 2025",,3042680
One Way: The Elevator,2090,379,93,"14 Aug, 2020",,1347420
白花 the white flower,2091,303,94,"23 Dec, 2021",,1812760
Cat Simulator : Animals on Farm,2092,114,96,"8 Sep, 2021",,1638340
Methods: The Canada Files,2093,172,95,"2 Feb, 2023","2 Feb, 2023",2063530
Space Court,2094,146,97,"26 Jun, 2020",,1323000
Knights of Pen and Paper +1 Edition,2095,1826,83,"18 Jun, 2013",,231740
Planet Alcatraz 2,2096,278,91,"19 Sep, 2008",,389250
Gerda: A Flame in Winter,2097,320,95,"1 Sep, 2022",,1771360
Immortal Mantis,2098,213,94,"23 Apr, 2022",,1878570
Hero of the Kingdom: The Lost Tales 3,2099,276,90,"27 Nov, 2024",,3340810
Dreams in the Witch House,2100,292,93,"16 Feb, 2023",,1902850
Prologue for a Vacant Kingdom,2101,236,95,"19 Apr, 2019",,1040490
Crusaders of the Lost Idols,2102,2924,82,"14 Oct, 2015",,402840
Leaflet Love Story,2103,711,90,"20 Aug, 2018",,895220
Sabres of Infinity,2104,164,93,"21 Jun, 2013",,446310
ANNIE:Last Hope,2105,569,91,"7 Apr, 2020","19 Nov, 2019",1174390
Seduce Me 2: The Demon War,2106,332,93,"20 May, 2016",,461700
觅光：第一章 - Seeking Light : Chapter 1,2107,181,96,"25 Mar, 2023",,2305480
Blackout Hospital,2108,154,96,"18 Feb, 2023",,2301510
A Study in Steampunk: Choice by Gaslight,2109,170,95,"21 Nov, 2015",,421630
The Witch's Cauldron,2110,532,91,"24 Jan, 2024",,2251010
Gods of Savvarah | Part I,2111,148,97,"17 May, 2023",,2098870
Unroaded,2112,301,94,"6 Mar, 2019",,1031110
Wayhaven Chronicles: Book One,2113,346,92,"9 Mar, 2018",,800600
Magic Research,2114,383,90,"23 Mar, 2023",,2311680
CatTuber,2115,680,91,"9 Sep, 2022","9 Sep, 2022",1337970
Medieval Fantasy Survival Simulator,2116,246,96,"25 Feb, 2022",,1848960
东方心之解束~Saving from the devil,2117,142,97,"12 Jul, 2022",,2015700
Crush the Industry,2118,211,92,"16 Apr, 2025","31 Mar, 2023",1098610
英雄群侠传,2119,520,91,"10 Jun, 2019",,1102980
Rule No. 1,2120,248,93,"9 Jul, 2021","17 Nov, 2020",1458390
Finnish Army Simulator,2121,449,90,"14 Jan, 2023","14 Jan, 2023",1184250
At Home Alone,2122,1882,84,"1 Nov, 2018",,964350
Temperia: Soul of Majestic,2123,458,86,"26 Jul, 2022","26 Jul, 2022",852780
Twinsen's Little Big Adventure Classic,2124,370,90,"14 Oct, 1994",,397330
The HeartBeat,2125,108,98,"6 Oct, 2020",,1386710
花恋月依,2126,258,92,"5 Aug, 2024",,2956280
Coralina,2127,278,94,"7 Jan, 2023",,2246120
Disciples II: Rise of the Elves,2128,1171,86,"6 Jul, 2006",,1630
Stay! Stay! Democratic People's Republic of Korea!,2129,501,94,"12 May, 2017",,512060
"I, the Forgotten One",2130,168,92,"22 Jun, 2023",,2251580
QuiVr,2131,481,89,"19 Jun, 2018",,489380
Progress Game,2132,333,92,"1 Jul, 2020","14 Aug, 2020",1370410
ダンジョンアーティファクト,2133,130,94,"3 Apr, 2024","3 Apr, 2024",2144220
东方雪莲华 ～ Abyss Soul Lotus.,2134,388,92,"3 Feb, 2023",,1000440
The Dark Egg Demo,2135,223,95,"28 Aug, 2022",,2092620
Heroes of Annihilated Empires,2136,533,88,"22 Nov, 2006",,4800
Roguelands,2137,2915,80,"6 Nov, 2015",,364420
Art Reborn: Painting Connoisseur,2138,283,94,"17 Aug, 2023",,2064490
"Precipice of Darkness, Episode One",2139,338,91,"21 May, 2008",,18000
Eternal Strands,2140,842,89,"29 Jan, 2025",,1491410
Karate Master 2 Knock Down Blow,2141,677,86,"20 Mar, 2015",,347670
Black Closet,2142,239,91,"17 Sep, 2015",,400580
Gensokyo Odyssey,2143,241,95,"17 Apr, 2024",,1865670
五五午时书,2144,314,92,"21 Aug, 2020","21 Aug, 2020",1385880
Radiant Silvergun,2145,161,93,"3 Nov, 2023",,2450820
Werewolf: The Apocalypse — Heart of the Forest,2146,704,85,"14 Oct, 2020",,1342620
天岚行 - Through the Mist and Sky,2147,189,94,"7 Jun, 2018",,865880
Robot girl's dream -RobotBattleChampionship-,2148,113,96,"17 Jan, 2025",,2742730
不被忘记的你,2149,214,96,"28 Apr, 2023",,2365500
Space Pilgrim Episode II: Epsilon Indi,2150,426,89,"9 Jan, 2016",,431710
TRON 2.0,2151,618,90,"22 Aug, 2003",,327740
Door Game Deluxe,2152,121,95,"7 Feb, 2025",,3252920
Creature Creator,2153,660,88,"24 Dec, 2022","2 Aug, 2022",1990050
Magicmaker,2154,562,90,"23 Sep, 2014",,319250
Mr. Rightaway,2155,171,97,"12 Dec, 2024",,3048500
Меліній,2156,161,94,"30 May, 2024",,2726320
Cornucopia®,2157,327,89,"31 Jul, 2023","31 Jul, 2023",1681600
Knock Harder,2158,364,93,"27 Apr, 2020",,1216490
Traveller's Hymn,2159,123,95,"9 Oct, 2024",,3249180
Go To Hell Must,2160,140,93,"9 Aug, 2024",,2797440
Wolf & Rabbit,2161,300,90,"5 Apr, 2018",,757180
Breach & Clear,2162,1996,82,"22 Mar, 2014",,266130
Zombie Exodus: Safe Haven,2163,205,85,"29 Oct, 2016",,543980
Earl vs. the Mutants,2164,114,97,"18 Jul, 2024",,2292010
Catacomb Kids,2165,521,88,"21 Feb, 2015",,315840
Sanator: Scarlet Scarf,2166,440,89,"7 Jun, 2019",,650330
Boxing School,2167,506,90,"11 Jan, 2019",,939990
EXS1～EthnologySister：Cultural functionalism,2168,238,94,"20 Aug, 2021",,1630570
Touhou Blooming Chaos,2169,321,89,"1 Oct, 2019",,1124830
雨鸦 - You are my sanctuary,2170,259,93,"25 Sep, 2018",,938810
Unsung Warriors - Prologue,2171,1420,94,"15 Jan, 2019",,959080
The Golden Rose: Book One,2172,151,90,"2 Jun, 2022",,1892950
Chatventures,2173,133,91,"14 Feb, 2020",,1265850
Land Of Idyllic Beauty,2174,114,90,"18 Aug, 2024","18 Aug, 2024",3085890
Ord.,2175,241,93,"5 Jun, 2019",,1079000
Cool Kid Cody,2176,131,96,"9 Apr, 2022",,1877710
Ukraine War Stories,2177,1057,87,"18 Oct, 2022",,1985510
瓶中精灵 - Fairy in a Jar,2178,164,93,"7 Mar, 2019",,997700
原灵·深海遗梦 Medusa the Origin ~ Lost Dream of the Deep,2179,116,94,"27 Mar, 2022",,1933640
Fantasia of the Wind - 风之幻想曲,2180,321,89,"26 Oct, 2017",,645690
The King's Request: Physiology and Anatomy Revision Game,2181,180,93,"27 Jun, 2018",,873230
Who Is Mike - A Visual Novel,2182,461,90,"30 Sep, 2015",,377430
Kofi Quest,2183,149,93,"28 Jan, 2020",,705340
Underlevel,2184,232,93,"19 Sep, 2023",,2574430
子归 - Blossom,2185,442,88,"19 Jul, 2024",,2579280
Omega Crafter,2186,423,80,"15 May, 2025","29 Mar, 2024",2262080
Choice of the Deathless,2187,311,91,"20 Dec, 2013",,318310
Realms of Magic,2188,944,80,"21 Jul, 2022","7 Dec, 2017",490280
